,q,I
0,0.0009410158237114137,12632.372
1,0.0028230474711342414,12642.056
2,0.004705079118557069,12692.187
3,0.006587110765979897,13016.422
4,0.008469142413402726,13368.285
5,0.010351174060825554,13519.388
6,0.01223320570824838,13590.463
7,0.014115237355671207,13573.92
8,0.015997269003094037,13478.324
9,0.017879300650516863,13390.1
10,0.019761332297939693,13311.3125
11,0.02164336394536252,13329.313
12,0.023525395592785346,13356.754
13,0.025407427240208176,13373.323
14,0.027289458887631002,13352.063
15,0.029171490535053825,13271.471
16,0.031053522182476655,13240.18
17,0.03293555382989948,13246.409
18,0.03481758547732231,13308.456
19,0.03669961712474514,13256.296
20,0.03858164877216797,13153.792
21,0.040463680419590795,13036.648
22,0.04234571206701362,12915.565
23,0.04422774371443645,12794.184
24,0.04610977536185928,12722.31
25,0.04799180700928211,12735.4
26,0.04987383865670494,12790.142
27,0.05175587030412776,12782.709
28,0.05363790195155058,12789.258
29,0.05551993359897341,12868.092
30,0.05740196524639624,12964.503
31,0.05928399689381908,12967.91
32,0.061166028541241896,12896.915
33,0.06304806018866473,12852.449
34,0.06493009183608756,12891.836
35,0.06681212348351037,12950.996
36,0.06869415513093322,12931.837
37,0.07057618677835603,12932.209
38,0.07245821842577888,12874.479
39,0.07434025007320169,12863.136
40,0.07622228172062452,12899.808
41,0.07810431336804735,12877.77
42,0.07998634501547017,12915.54
43,0.08186837666289301,12914.577
44,0.08375040831031583,12914.452
45,0.08563243995773866,12902.879
46,0.08751447160516149,12900.734
47,0.08939650325258432,12893.396
48,0.09127853490000715,12962.49
49,0.09316056654742996,13023.201
50,0.0950425981948528,13094.461
51,0.09692462984227562,13198.455
52,0.09880666148969845,13211.114
53,0.10068869313712128,13209.922
54,0.10257072478454411,13194.123
55,0.10445275643196694,13229.555
56,0.10633478807938976,13302.735
57,0.10821681972681259,13369.945
58,0.11009885137423542,13403.602
59,0.11198088302165825,13374.611
60,0.11386291466908108,13372.128
61,0.1157449463165039,13367.381
62,0.11762697796392674,13339.886
63,0.11950900961134957,13343.831
64,0.12139104125877238,13378.888
65,0.12327307290619521,13332.639
66,0.12515510455361803,13267.713
67,0.12703713620104087,13254.612
68,0.1289191678484637,13215.755
69,0.13080119949588653,13300.715
70,0.13268323114330935,13329.093
71,0.1345652627907322,13280.39
72,0.136447294438155,13236.09
73,0.13832932608557783,13205.624
74,0.14021135773300067,13244.827
75,0.14209338938042348,13226.015
76,0.14397542102784633,13185.336
77,0.14585745267526914,13207.152
78,0.14773948432269196,13181.018
79,0.1496215159701148,13163.235
80,0.15150354761753765,13162.074
81,0.15338557926496046,13163.478
82,0.15526761091238328,13146.676
83,0.1571496425598061,13184.464
84,0.15903167420722894,13192.225
85,0.16091370585465178,13233.243
86,0.1627957375020746,13268.226
87,0.16467776914949742,13226.827
88,0.16655980079692026,13153.44
89,0.16844183244434308,13099.725
90,0.17032386409176592,13061.318
91,0.17220589573918874,13065.156
92,0.17408792738661155,13071.362
93,0.1759699590340344,13117.936
94,0.17785199068145724,13151.965
95,0.17973402232888006,13232.467
96,0.18161605397630287,13244.006
97,0.1834980856237257,13215.614
98,0.18538011727114853,13195.773
99,0.18726214891857138,13156.066
100,0.1891441805659942,13173.281
101,0.191026212213417,13226.733
102,0.19290824386083982,13245.776
103,0.19479027550826267,13230.661
104,0.1966723071556855,13225.3545
105,0.19855433880310833,13257.3955
106,0.20043637045053114,13284.689
107,0.20231840209795396,13291.101
108,0.20420043374537683,13234.319
109,0.20608246539279965,13209.717
110,0.20796449704022246,13212.527
111,0.20984652868764528,13209.946
112,0.2117285603350681,13234.279
113,0.21361059198249097,13230.011
114,0.21549262362991378,13218.022
115,0.2173746552773366,13228.699
116,0.21925668692475941,13230.852
117,0.22113871857218226,13245.987
118,0.2230207502196051,13263.837
119,0.22490278186702792,13286.4375
120,0.22678481351445073,13325.849
121,0.22866684516187358,13357.625
122,0.2305488768092964,13364.369
123,0.23243090845671924,13368.172
124,0.2343129401041421,13347.925
125,0.23619497175156492,13326.799
126,0.23807700339898774,13313.985
127,0.23995903504641056,13336.163
128,0.2418410666938334,13356.256
129,0.24372309834125622,13347.028
130,0.24560512998867903,13355.7705
131,0.24748716163610185,13358.189
132,0.24936919328352466,13388.632
133,0.25125122493094754,13411.424
134,0.2531332565783704,13407.443
135,0.25501528822579317,13424.473
136,0.256897319873216,13459.525
137,0.25877935152063886,13473.455
138,0.26066138316806164,13486.742
139,0.2625434148154845,13458.63
140,0.26442544646290733,13443.918
141,0.2663074781103301,13446.982
142,0.268189509757753,13429.884
143,0.2700715414051758,13408.334
144,0.27195357305259865,13396.763
145,0.27383560470002144,13404.234
146,0.2757176363474443,13376.622
147,0.2775996679948671,13349.946
148,0.2794816996422899,13352.924
149,0.28136373128971276,13362.881
150,0.2832457629371356,13414.675
151,0.28512779458455845,13427.102
152,0.2870098262319813,13426.948
153,0.2888918578794041,13428.0205
154,0.2907738895268269,13443.931
155,0.2926559211742497,13454.734
156,0.29453795282167256,13471.547
157,0.2964199844690954,13489.7705
158,0.2983020161165182,13485.301
159,0.30018404776394103,13505.873
160,0.3020660794113639,13533.307
161,0.3039481110587867,13552.7705
162,0.30583014270620956,13547.5205
163,0.30771217435363235,13521.162
164,0.3095942060010552,13509.46
165,0.31147623764847804,13525.076
166,0.3133582692959008,13575.176
167,0.31524030094332367,13635.506
168,0.31712233259074646,13681.906
169,0.3190043642381693,13718.471
170,0.32088639588559215,13751.72
171,0.322768427533015,13738.093
172,0.32465045918043783,13716.63
173,0.3265324908278606,13720.095
174,0.32841452247528347,13693.295
175,0.3302965541227063,13687.582
176,0.3321785857701291,13657.683
177,0.33406061741755194,13619.132
178,0.33594264906497473,13640.086
179,0.33782468071239763,13646.459
180,0.3397067123598205,13681.173
181,0.34158874400724326,13727.265
182,0.3434707756546661,13746.946
183,0.3453528073020889,13762.753
184,0.34723483894951174,13784.001
185,0.3491168705969346,13803.579
186,0.35099890224435737,13824.5
187,0.3528809338917802,13822.048
188,0.35476296553920306,13817.663
189,0.3566449971866259,13824.8125
190,0.35852702883404874,13828.821
191,0.36040906048147153,13863.4
192,0.3622910921288944,13902.769
193,0.36417312377631716,13911.935
194,0.36605515542374,13953.973
195,0.36793718707116285,13965.472
196,0.36981921871858564,13960.287
197,0.37170125036600854,14003.931
198,0.37358328201343133,14041.8
199,0.37546531366085417,14094.77
200,0.377347345308277,14163.301
201,0.3792293769556998,14242.653
202,0.38111140860312265,14278.308
203,0.38299344025054544,14332.514
204,0.3848754718979683,14371.183
205,0.3867575035453911,14397.6
206,0.38863953519281397,14426.446
207,0.3905215668402368,14435.2295
208,0.3924035984876596,14453.152
209,0.39428563013508244,14456.212
210,0.3961676617825053,14478.867
211,0.3980496934299281,14557.062
212,0.3999317250773509,14616.181
213,0.4018137567247737,14671.77
214,0.40369578837219655,14717.701
215,0.40557782001961945,14745.467
216,0.40745985166704224,14798.818
217,0.4093418833144651,14807.8125
218,0.41122391496188787,14815.239
219,0.4131059466093107,14823.831
220,0.41498797825673356,14884.254
221,0.41687000990415635,14982.886
222,0.4187520415515792,15094.974
223,0.420634073199002,15193.278
224,0.4225161048464248,15203.818
225,0.4243981364938477,15201.029
226,0.4262801681412705,15211.16
227,0.42816219978869335,15224.773
228,0.43004423143611614,15261.2
229,0.431926263083539,15285.814
230,0.43380829473096183,15301.438
231,0.4356903263783846,15316.836
232,0.43757235802580746,15308.859
233,0.43945438967323025,15305.482
234,0.44133642132065315,15326.397
235,0.443218452968076,15337.237
236,0.4451004846154988,15375.414
237,0.4469825162629216,15401.094
238,0.4488645479103444,15427.1045
239,0.45074657955776726,15456.39
240,0.4526286112051901,15484.519
241,0.4545106428526129,15513.584
242,0.45639267450003573,15549.371
243,0.4582747061474586,15573.274
244,0.46015673779488137,15584.448
245,0.46203876944230426,15593.402
246,0.463920801089727,15606.39
247,0.4658028327371499,15648.044
248,0.46768486438457274,15673.532
249,0.46956689603199553,15682.843
250,0.47144892767941843,15688.782
251,0.47333095932684116,15688.346
252,0.47521299097426406,15699.872
253,0.47709502262168685,15708.039
254,0.4789770542691097,15721.275
255,0.4808590859165325,15755.911
256,0.4827411175639553,15785.272
257,0.4846231492113782,15814.929
258,0.48650518085880096,15829.117
259,0.48838721250622386,15823.447
260,0.49026924415364664,15806.327
261,0.4921512758010695,15792.69
262,0.4940333074484923,15809.185
263,0.4959153390959151,15828.22
264,0.4977973707433379,15872.005
265,0.4996794023907608,15898.575
266,0.5015614340381837,15895.4375
267,0.5034434656856064,15879.203
268,0.5053254973330293,15888.019
269,0.5072075289804521,15875.013
270,0.5090895606278749,15889.121
271,0.5109715922752978,15926.518
272,0.5128536239227206,15972.861
273,0.5147356555701433,16011.061
274,0.5166176872175663,16068.863
275,0.5184997188649891,16066.554
276,0.5203817505124119,16056.261
277,0.5222637821598347,16050.377
278,0.5241458138072576,16067.425
279,0.5260278454546804,16126.835
280,0.5279098771021031,16210.714
281,0.5297919087495261,16281.66
282,0.5316739403969488,16317.735
283,0.5335559720443717,16355.459
284,0.5354380036917946,16385.451
285,0.5373200353392174,16396.02
286,0.5392020669866402,16408.957
287,0.5410840986340629,16386.008
288,0.5429661302814859,16362.236
289,0.5448481619289086,16340.582
290,0.5467301935763315,16312.383
291,0.5486122252237543,16304.47
292,0.5504942568711771,16294.226
293,0.5523762885186,16283.003
294,0.5542583201660228,16300.917
295,0.5561403518134457,16302.137
296,0.5580223834608684,16312.865
297,0.5599044151082913,16325.173
298,0.5617864467557141,16316.464
299,0.5636684784031369,16328.576
300,0.5655505100505597,16341.881
301,0.5674325416979826,16323.714
302,0.5693145733454055,16313.36
303,0.5711966049928282,16311.597
304,0.5730786366402512,16316.732
305,0.5749606682876739,16335.98
306,0.5768426999350967,16339.903
307,0.5787247315825195,16342.191
308,0.5806067632299424,16338.624
309,0.5824887948773652,16356.012
310,0.584370826524788,16371.578
311,0.586252858172211,16402.344
312,0.5881348898196337,16407.02
313,0.5900169214670565,16424.973
314,0.5918989531144794,16455.393
315,0.5937809847619022,16467.938
316,0.595663016409325,16485.88
317,0.5975450480567478,16481.412
318,0.5994270797041706,16466.016
319,0.6013091113515935,16454.664
320,0.6031911429990163,16424.0
321,0.6050731746464392,16421.924
322,0.606955206293862,16418.803
323,0.6088372379412847,16414.355
324,0.6107192695887077,16429.615
325,0.6126013012361304,16449.36
326,0.6144833328835533,16467.646
327,0.6163653645309761,16462.682
328,0.618247396178399,16445.758
329,0.6201294278258217,16461.164
330,0.6220114594732445,16479.596
331,0.6238934911206675,16509.438
332,0.6257755227680902,16523.83
333,0.6276575544155131,16506.361
334,0.6295395860629359,16486.693
335,0.6314216177103588,16508.496
336,0.6333036493577815,16543.678
337,0.6351856810052043,16563.932
338,0.6370677126526272,16568.023
339,0.63894974430005,16560.965
340,0.6408317759474729,16546.176
341,0.6427138075948957,16518.438
342,0.6445958392423186,16485.295
343,0.6464778708897413,16455.008
344,0.6483599025371642,16448.81
345,0.650241934184587,16457.523
346,0.6521239658320098,16475.855
347,0.6540059974794327,16483.023
348,0.6558880291268555,16446.312
349,0.6577700607742784,16429.83
350,0.6596520924217011,16393.523
351,0.661534124069124,16392.285
352,0.6634161557165468,16423.818
353,0.6652981873639696,16438.613
354,0.6671802190113925,16454.723
355,0.6690622506588153,16452.578
356,0.670944282306238,16430.46
357,0.672826313953661,16416.686
358,0.6747083456010838,16412.951
359,0.6765903772485066,16402.197
360,0.6784724088959294,16414.734
361,0.6803544405433523,16429.871
362,0.6822364721907751,16455.15
363,0.6841185038381978,16468.477
364,0.6860005354856208,16457.09
365,0.6878825671330435,16439.98
366,0.6897645987804664,16430.215
367,0.6916466304278892,16424.588
368,0.693528662075312,16423.975
369,0.6954106937227349,16437.389
370,0.6972927253701576,16455.73
371,0.6991747570175806,16478.021
372,0.7010567886650033,16495.207
373,0.7029388203124262,16506.363
374,0.704820851959849,16497.557
375,0.7067028836072718,16499.828
376,0.7085849152546947,16493.797
377,0.7104669469021175,16487.89
378,0.7123489785495404,16507.432
379,0.7142310101969631,16518.436
380,0.716113041844386,16535.45
381,0.7179950734918088,16529.512
382,0.7198771051392316,16518.828
383,0.7217591367866544,16489.375
384,0.7236411684340773,16484.021
385,0.7255232000815002,16495.055
386,0.7274052317289229,16489.383
387,0.7292872633763459,16503.549
388,0.7311692950237686,16530.297
389,0.7330513266711914,16560.23
390,0.7349333583186142,16584.531
391,0.7368153899660371,16573.924
392,0.7386974216134599,16564.992
393,0.7405794532608827,16565.422
394,0.7424614849083057,16586.469
395,0.7443435165557284,16606.404
396,0.7462255482031512,16612.098
397,0.7481075798505741,16613.125
398,0.7499896114979969,16627.97
399,0.7518716431454197,16642.08
400,0.7537536747928425,16641.75
401,0.7556357064402653,16634.658
402,0.7575177380876882,16624.11
403,0.759399769735111,16625.87
404,0.7612818013825339,16630.61
405,0.7631638330299567,16634.895
406,0.7650458646773795,16641.883
407,0.7669278963248024,16638.54
408,0.7688099279722251,16632.246
409,0.770691959619648,16625.396
410,0.7725739912670707,16619.807
411,0.7744560229144937,16610.621
412,0.7763380545619165,16630.967
413,0.7782200862093392,16656.31
414,0.7801021178567622,16650.09
415,0.7819841495041849,16629.754
416,0.7838661811516078,16627.422
417,0.7857482127990306,16629.705
418,0.7876302444464535,16641.557
419,0.7895122760938762,16661.441
420,0.791394307741299,16658.035
421,0.793276339388722,16663.252
422,0.7951583710361447,16649.828
423,0.7970404026835676,16641.402
424,0.7989224343309904,16665.967
425,0.8008044659784133,16678.475
426,0.802686497625836,16676.871
427,0.804568529273259,16689.738
428,0.8064505609206817,16705.89
429,0.8083325925681045,16739.213
430,0.8102146242155274,16761.404
431,0.8120966558629502,16742.06
432,0.8139786875103731,16720.543
433,0.8158607191577958,16701.2
434,0.8177427508052187,16692.725
435,0.8196247824526415,16706.191
436,0.8215068141000643,16721.578
437,0.8233888457474872,16735.188
438,0.82527087739491,16730.316
439,0.8271529090423329,16729.428
440,0.8290349406897556,16720.746
441,0.8309169723371785,16719.578
442,0.8327990039846013,16725.54
443,0.8346810356320241,16727.605
444,0.836563067279447,16728.35
445,0.8384450989268698,16738.535
446,0.8403271305742925,16757.518
447,0.8422091622217155,16756.818
448,0.8440911938691382,16781.744
449,0.8459732255165611,16796.898
450,0.8478552571639839,16801.928
451,0.8497372888114068,16808.188
452,0.8516193204588296,16797.018
453,0.8535013521062523,16795.393
454,0.8553833837536753,16808.87
455,0.857265415401098,16810.533
456,0.8591474470485209,16818.467
457,0.8610294786959437,16833.848
458,0.8629115103433666,16837.809
459,0.8647935419907894,16845.895
460,0.8666755736382122,16853.152
461,0.8685576052856351,16859.883
462,0.8704396369330578,16879.82
463,0.8723216685804807,16885.848
464,0.8742037002279035,16885.006
465,0.8760857318753263,16878.08
466,0.8779677635227491,16863.164
467,0.879849795170172,16858.582
468,0.8817318268175949,16854.898
469,0.8836138584650176,16838.041
470,0.8854958901124405,16830.715
471,0.8873779217598633,16811.414
472,0.8892599534072861,16823.215
473,0.8911419850547089,16839.232
474,0.8930240167021318,16861.424
475,0.8949060483495546,16896.94
476,0.8967880799969774,16914.486
477,0.8986701116444004,16923.217
478,0.9005521432918231,16932.285
479,0.9024341749392459,16931.441
480,0.9043162065866688,16933.3
481,0.9061982382340916,16960.293
482,0.9080802698815144,16965.959
483,0.9099623015289371,16978.248
484,0.91184433317636,16984.402
485,0.9137263648237829,16979.797
486,0.9156083964712057,16969.482
487,0.9174904281186287,16967.82
488,0.9193724597660513,16969.33
489,0.9212544914134742,16987.557
490,0.923136523060897,17032.393
491,0.92501855470832,17079.723
492,0.9269005863557426,17112.092
493,0.9287826180031654,17140.006
494,0.9306646496505884,17167.68
495,0.9325466812980112,17188.783
496,0.9344287129454341,17209.582
497,0.9363107445928568,17205.9
498,0.9381927762402796,17194.926
499,0.9400748078877025,17167.277
500,0.9419568395351253,17141.12
501,0.9438388711825481,17134.621
502,0.9457209028299709,17106.74
503,0.9476029344773937,17074.29
504,0.9494849661248167,17068.59
505,0.9513669977722395,17082.604
506,0.9532490294196622,17103.61
507,0.9551310610670851,17136.395
508,0.957013092714508,17174.547
509,0.9588951243619308,17200.605
510,0.9607771560093535,17240.309
511,0.9626591876567764,17278.496
512,0.9645412193041992,17287.025
513,0.9664232509516221,17299.875
514,0.968305282599045,17291.236
515,0.9701873142464676,17281.416
516,0.9720693458938905,17289.764
517,0.9739513775413134,17274.908
518,0.9758334091887363,17263.145
519,0.9777154408361589,17252.08
520,0.9795974724835819,17241.91
521,0.9814795041310047,17260.486
522,0.9833615357784276,17278.098
523,0.9852435674258504,17304.465
524,0.9871255990732731,17317.525
525,0.989007630720696,17321.562
526,0.9908896623681188,17322.791
527,0.9927716940155418,17327.578
528,0.9946537256629644,17363.678
529,0.9965357573103872,17383.756
530,0.9984177889578102,17386.16
531,1.000299820605233,17386.014
532,1.002181852252656,17398.617
533,1.0040638839000786,17400.041
534,1.0059459155475015,17390.42
535,1.0078279471949243,17390.398
536,1.0097099788423471,17388.352
537,1.0115920104897698,17405.861
538,1.0134740421371926,17443.143
539,1.0153560737846157,17472.262
540,1.0172381054320385,17490.482
541,1.0191201370794614,17522.078
542,1.021002168726884,17544.445
543,1.0228842003743068,17569.482
544,1.0247662320217297,17564.887
545,1.0266482636691525,17562.428
546,1.0285302953165754,17578.607
547,1.0304123269639982,17584.963
548,1.032294358611421,17610.877
549,1.034176390258844,17625.316
550,1.0360584219062667,17644.293
551,1.0379404535536894,17668.508
552,1.0398224852011124,17696.053
553,1.0417045168485353,17710.586
554,1.043586548495958,17727.674
555,1.0454685801433807,17749.133
556,1.0473506117908036,17761.906
557,1.0492326434382264,17806.984
558,1.0511146750856493,17824.236
559,1.0529967067330723,17853.35
560,1.054878738380495,17888.879
561,1.0567607700279178,17909.236
562,1.0586428016753406,17952.607
563,1.0605248333227635,18006.758
564,1.062406864970186,18073.863
565,1.0642888966176092,18159.53
566,1.066170928265032,18231.658
567,1.0680529599124549,18288.092
568,1.0699349915598777,18306.885
569,1.0718170232073003,18312.482
570,1.0736990548547232,18291.557
571,1.075581086502146,18248.562
572,1.077463118149569,18219.188
573,1.0793451497969917,18207.418
574,1.0812271814444145,18218.586
575,1.0831092130918374,18242.836
576,1.0849912447392602,18258.338
577,1.086873276386683,18274.191
578,1.088755308034106,18283.455
579,1.0906373396815288,18303.62
580,1.0925193713289516,18325.137
581,1.0944014029763744,18349.133
582,1.096283434623797,18383.6
583,1.09816546627122,18414.553
584,1.1000474979186428,18439.436
585,1.1019295295660658,18458.428
586,1.1038115612134887,18487.322
587,1.1056935928609113,18514.479
588,1.1075756245083341,18548.064
589,1.109457656155757,18574.17
590,1.1113396878031798,18588.375
591,1.1132217194506024,18614.674
592,1.1151037510980255,18638.635
593,1.1169857827454484,18651.88
594,1.1188678143928712,18660.865
595,1.120749846040294,18674.625
596,1.1226318776877167,18687.31
597,1.1245139093351395,18721.084
598,1.1263959409825623,18771.104
599,1.1282779726299854,18817.47
600,1.130160004277408,18846.45
601,1.1320420359248309,18866.62
602,1.1339240675722537,18869.01
603,1.1358060992196766,18879.492
604,1.1376881308670994,18919.635
605,1.1395701625145223,18953.996
606,1.141452194161945,18975.955
607,1.143334225809368,19000.623
608,1.1452162574567908,19015.58
609,1.1470982891042134,19023.416
610,1.1489803207516363,19029.56
611,1.150862352399059,19036.43
612,1.1527443840464822,19059.977
613,1.154626415693905,19077.6
614,1.1565084473413276,19096.986
615,1.1583904789887505,19112.557
616,1.1602725106361733,19129.504
617,1.1621545422835962,19152.068
618,1.164036573931019,19156.172
619,1.1659186055784418,19167.53
620,1.1678006372258647,19183.166
621,1.1696826688732875,19215.781
622,1.1715647005207104,19245.355
623,1.173446732168133,19277.135
624,1.1753287638155558,19296.328
625,1.177210795462979,19313.576
626,1.1790928271104018,19335.541
627,1.1809748587578244,19360.914
628,1.1828568904052472,19371.557
629,1.18473892205267,19386.057
630,1.186620953700093,19409.125
631,1.1885029853475158,19413.512
632,1.1903850169949386,19425.928
633,1.1922670486423614,19433.197
634,1.1941490802897843,19428.684
635,1.1960311119372071,19437.047
636,1.1979131435846297,19450.605
637,1.1997951752320526,19468.32
638,1.2016772068794757,19481.998
639,1.2035592385268985,19482.508
640,1.2054412701743213,19478.39
641,1.207323301821744,19467.836
642,1.2092053334691668,19469.541
643,1.2110873651165897,19473.59
644,1.2129693967640125,19470.502
645,1.2148514284114353,19471.436
646,1.2167334600588582,19472.357
647,1.218615491706281,19482.324
648,1.2204975233537039,19489.127
649,1.2223795550011265,19488.943
650,1.2242615866485493,19485.77
651,1.2261436182959722,19494.562
652,1.2280256499433952,19496.043
653,1.229907681590818,19511.861
654,1.2317897132382407,19493.787
655,1.2336717448856636,19473.41
656,1.2355537765330864,19471.457
657,1.2374358081805092,19464.445
658,1.239317839827932,19471.963
659,1.241199871475355,19464.82
660,1.2430819031227778,19467.959
661,1.2449639347702006,19462.262
662,1.2468459664176235,19443.219
663,1.248727998065046,19435.133
664,1.250610029712469,19438.195
665,1.252492061359892,19426.168
666,1.2543740930073148,19416.11
667,1.2562561246547375,19408.271
668,1.2581381563021603,19398.273
669,1.2600201879495831,19391.26
670,1.261902219597006,19384.855
671,1.2637842512444288,19375.834
672,1.2656662828918517,19370.379
673,1.2675483145392745,19365.525
674,1.2694303461866974,19347.896
675,1.2713123778341202,19337.363
676,1.2731944094815428,19328.602
677,1.2750764411289657,19327.23
678,1.2769584727763887,19331.459
679,1.2788405044238116,19333.465
680,1.2807225360712344,19343.254
681,1.282604567718657,19353.953
682,1.28448659936608,19360.316
683,1.2863686310135027,19357.137
684,1.2882506626609256,19339.633
685,1.2901326943083484,19303.969
686,1.2920147259557713,19269.592
687,1.2938967576031941,19251.69
688,1.295778789250617,19250.596
689,1.2976608208980398,19239.89
690,1.2995428525454624,19224.125
691,1.3014248841928853,19218.037
692,1.3033069158403083,19222.512
693,1.3051889474877312,19235.482
694,1.3070709791351538,19247.684
695,1.3089530107825766,19246.691
696,1.3108350424299995,19240.459
697,1.3127170740774223,19239.83
698,1.3145991057248454,19228.977
699,1.316481137372268,19222.5
700,1.3183631690196909,19217.967
701,1.3202452006671137,19215.492
702,1.3221272323145365,19207.854
703,1.3240092639619592,19195.44
704,1.325891295609382,19180.19
705,1.327773327256805,19181.188
706,1.329655358904228,19195.516
707,1.3315373905516508,19216.389
708,1.3334194221990734,19234.766
709,1.3353014538464962,19240.424
710,1.337183485493919,19220.912
711,1.339065517141342,19188.902
712,1.3409475487887648,19141.602
713,1.3428295804361876,19110.729
714,1.3447116120836105,19087.553
715,1.3465936437310333,19064.81
716,1.3484756753784561,19060.934
717,1.3503577070258788,19044.15
718,1.3522397386733018,19015.738
719,1.3541217703207247,18983.533
720,1.3560038019681475,18946.32
721,1.3578858336155701,18934.05
722,1.359767865262993,18953.271
723,1.3616498969104158,18966.143
724,1.3635319285578387,18985.072
725,1.3654139602052617,19008.18
726,1.3672959918526844,19032.479
727,1.3691780235001072,19059.629
728,1.37106005514753,19081.766
729,1.3729420867949529,19105.135
730,1.3748241184423755,19125.316
731,1.3767061500897986,19133.734
732,1.3785881817372214,19122.752
733,1.3804702133846443,19100.117
734,1.382352245032067,19090.81
735,1.3842342766794897,19111.584
736,1.3861163083269126,19127.521
737,1.3879983399743354,19120.676
738,1.3898803716217585,19108.344
739,1.391762403269181,19076.29
740,1.393644434916604,19037.96
741,1.3955264665640268,19008.45
742,1.3974084982114496,18993.611
743,1.3992905298588725,18990.95
744,1.401172561506295,18982.373
745,1.4030545931537182,18975.152
746,1.404936624801141,18953.898
747,1.4068186564485639,18908.877
748,1.4087006880959865,18883.488
749,1.4105827197434093,18876.916
750,1.4124647513908322,18867.996
751,1.414346783038255,18859.207
752,1.416228814685678,18853.695
753,1.4181108463331007,18833.375
754,1.4199928779805235,18803.227
755,1.4218749096279464,18762.727
756,1.4237569412753692,18720.273
757,1.4256389729227918,18674.44
758,1.427521004570215,18630.824
759,1.4294030362176378,18601.357
760,1.4312850678650606,18588.441
761,1.4331670995124834,18574.996
762,1.435049131159906,18549.096
763,1.436931162807329,18519.57
764,1.4388131944547518,18482.338
765,1.4406952261021748,18459.258
766,1.4425772577495974,18441.82
767,1.4444592893970203,18416.896
768,1.4463413210444431,18400.945
769,1.448223352691866,18380.332
770,1.4501053843392888,18366.22
771,1.4519874159867117,18355.072
772,1.4538694476341345,18346.783
773,1.4557514792815573,18337.852
774,1.4576335109289802,18314.32
775,1.4595155425764028,18285.865
776,1.4613975742238257,18275.969
777,1.4632796058712485,18264.03
778,1.4651616375186716,18268.629
779,1.4670436691660944,18261.252
780,1.468925700813517,18247.83
781,1.4708077324609399,18234.176
782,1.4726897641083627,18225.193
783,1.4745717957557856,18216.807
784,1.4764538274032084,18205.188
785,1.4783358590506313,18202.57
786,1.480217890698054,18200.006
787,1.482099922345477,18182.432
788,1.4839819539928998,18174.805
789,1.4858639856403224,18153.01
790,1.4877460172877452,18122.158
791,1.4896280489351683,18089.637
792,1.4915100805825912,18048.729
793,1.4933921122300138,18016.45
794,1.4952741438774366,17983.81
795,1.4971561755248595,17949.082
796,1.4990382071722823,17923.979
797,1.5009202388197052,17898.494
798,1.502802270467128,17867.303
799,1.5046843021145508,17848.672
800,1.5065663337619737,17837.51
801,1.5084483654093965,17819.94
802,1.5103303970568192,17819.305
803,1.512212428704242,17823.385
804,1.5140944603516648,17831.967
805,1.515976491999088,17858.383
806,1.5178585236465107,17897.168
807,1.5197405552939334,17972.791
808,1.5216225869413562,18142.605
809,1.523504618588779,18494.973
810,1.525386650236202,19205.676
811,1.5272686818836247,20531.35
812,1.5291507135310476,22925.154
813,1.5310327451784704,27226.525
814,1.5329147768258933,34647.84
815,1.5347968084733161,46324.824
816,1.5366788401207387,58574.395
817,1.5385608717681616,62895.605
818,1.5404429034155847,59620.59
819,1.5423249350630075,48336.496
820,1.5442069667104301,37234.57
821,1.546088998357853,29481.602
822,1.5479710300052758,24575.645
823,1.5498530616526986,21654.672
824,1.5517350933001215,19885.617
825,1.5536171249475443,18801.104
826,1.5554991565949672,18155.318
827,1.55738118824239,17774.617
828,1.5592632198898129,17564.023
829,1.5611452515372355,17449.174
830,1.5630272831846583,17382.998
831,1.5649093148320814,17339.184
832,1.5667913464795042,17298.488
833,1.568673378126927,17257.664
834,1.5705554097743497,17232.982
835,1.5724374414217726,17205.723
836,1.5743194730691954,17207.5
837,1.5762015047166182,17211.123
838,1.578083536364041,17212.354
839,1.579965568011464,17219.992
840,1.5818475996588868,17222.236
841,1.5837296313063096,17196.883
842,1.5856116629537325,17156.566
843,1.587493694601155,17125.104
844,1.5893757262485781,17082.633
845,1.591257757896001,17054.123
846,1.5931397895434238,17017.318
847,1.5950218211908465,16976.99
848,1.5969038528382693,16954.363
849,1.5987858844856921,16931.701
850,1.600667916133115,16912.176
851,1.602549947780538,16894.787
852,1.6044319794279607,16867.846
853,1.6063140110753835,16831.984
854,1.6081960427228064,16798.889
855,1.6100780743702292,16770.615
856,1.6119601060176518,16741.023
857,1.6138421376650747,16725.164
858,1.6157241693124977,16700.045
859,1.6176062009599206,16678.64
860,1.6194882326073434,16677.531
861,1.621370264254766,16677.42
862,1.623252295902189,16681.082
863,1.6251343275496117,16675.074
864,1.6270163591970346,16664.45
865,1.6288983908444574,16648.781
866,1.6307804224918803,16647.414
867,1.632662454139303,16646.682
868,1.634544485786726,16641.22
869,1.6364265174341488,16639.701
870,1.6383085490815714,16638.664
871,1.6401905807289945,16618.41
872,1.6420726123764173,16598.098
873,1.6439546440238402,16589.072
874,1.6458366756712628,16576.855
875,1.6477187073186856,16576.52
876,1.6496007389661085,16561.07
877,1.6514827706135313,16544.398
878,1.6533648022609544,16540.598
879,1.655246833908377,16534.838
880,1.6571288655557999,16545.674
881,1.6590108972032227,16553.285
882,1.6608929288506455,16546.129
883,1.6627749604980682,16533.39
884,1.6646569921454912,16515.928
885,1.666539023792914,16508.854
886,1.668421055440337,16505.238
887,1.6703030870877598,16502.582
888,1.6721851187351824,16504.52
889,1.6740671503826052,16488.145
890,1.675949182030028,16463.47
891,1.6778312136774511,16448.27
892,1.6797132453248738,16439.205
893,1.6815952769722966,16437.861
894,1.6834773086197194,16423.576
895,1.6853593402671423,16394.771
896,1.687241371914565,16369.661
897,1.6891234035619878,16343.798
898,1.6910054352094108,16328.172
899,1.6928874668568337,16306.065
900,1.6947694985042565,16300.881
901,1.6966515301516791,16290.4
902,1.698533561799102,16285.351
903,1.7004155934465248,16285.93
904,1.7022976250939477,16269.166
905,1.7041796567413705,16244.738
906,1.7060616883887934,16234.892
907,1.7079437200362162,16229.764
908,1.709825751683639,16227.421
909,1.7117077833310619,16239.599
910,1.7135898149784845,16253.867
911,1.7154718466259076,16263.372
912,1.7173538782733304,16265.805
913,1.7192359099207533,16269.457
914,1.7211179415681759,16278.917
915,1.7229999732155987,16296.102
916,1.7248820048630216,16301.1455
917,1.7267640365104444,16279.832
918,1.7286460681578675,16250.851
919,1.73052809980529,16215.309
920,1.732410131452713,16176.544
921,1.7342921631001358,16149.774
922,1.7361741947475586,16124.407
923,1.7380562263949813,16097.731
924,1.7399382580424043,16083.654
925,1.7418202896898272,16060.371
926,1.74370232133725,16039.417
927,1.7455843529846728,16029.094
928,1.7474663846320955,16017.542
929,1.7493484162795183,16006.352
930,1.7512304479269412,16002.29
931,1.7531124795743642,16000.317
932,1.7549945112217868,15994.085
933,1.7568765428692097,15989.683
934,1.7587585745166325,15981.58
935,1.7606406061640554,15980.561
936,1.7625226378114782,15971.542
937,1.764404669458901,15961.892
938,1.766286701106324,15957.27
939,1.7681687327537468,15946.563
940,1.7700507644011696,15941.895
941,1.7719327960485922,15940.858
942,1.773814827696015,15936.354
943,1.775696859343438,15942.433
944,1.777578890990861,15932.162
945,1.7794609226382838,15907.644
946,1.7813429542857064,15874.121
947,1.7832249859331293,15849.405
948,1.7851070175805521,15837.042
949,1.786989049227975,15844.404
950,1.7888710808753976,15868.94
951,1.7907531125228207,15880.391
952,1.7926351441702435,15876.213
953,1.7945171758176663,15859.6455
954,1.7963992074650892,15851.036
955,1.7982812391125118,15849.52
956,1.8001632707599347,15850.147
957,1.8020453024073575,15840.915
958,1.8039273340547806,15829.68
959,1.8058093657022032,15815.43
960,1.807691397349626,15811.04
961,1.8095734289970489,15816.952
962,1.8114554606444717,15810.153
963,1.8133374922918946,15801.78
964,1.8152195239393174,15793.553
965,1.8171015555867402,15781.443
966,1.818983587234163,15768.622
967,1.8208656188815857,15765.939
968,1.8227476505290086,15769.318
969,1.8246296821764314,15783.182
970,1.8265117138238542,15797.425
971,1.8283937454712773,15805.301
972,1.8302757771187002,15811.46
973,1.832157808766123,15810.587
974,1.8340398404135458,15814.056
975,1.8359218720609682,15815.624
976,1.837803903708391,15822.149
977,1.8396859353558142,15821.87
978,1.841567967003237,15810.941
979,1.8434499986506598,15796.29
980,1.8453320302980827,15788.82
981,1.8472140619455055,15775.794
982,1.8490960935929284,15779.663
983,1.8509781252403512,15802.626
984,1.8528601568877738,15821.873
985,1.8547421885351967,15845.803
986,1.8566242201826195,15884.45
987,1.8585062518300424,15918.464
988,1.8603882834774652,15940.372
989,1.862270315124888,15936.942
990,1.864152346772311,15906.745
991,1.866034378419734,15864.5625
992,1.8679164100671568,15812.7705
993,1.8697984417145792,15769.3955
994,1.871680473362002,15720.227
995,1.873562505009425,15678.3955
996,1.8754445366568477,15655.747
997,1.8773265683042708,15630.734
998,1.8792085999516936,15617.094
999,1.8810906315991165,15602.731
1000,1.8829726632465393,15592.1045
1001,1.8848546948939622,15582.868
1002,1.8867367265413846,15577.247
1003,1.8886187581888074,15566.995
1004,1.8905007898362305,15572.408
1005,1.8923828214836533,15578.774
1006,1.8942648531310762,15582.411
1007,1.896146884778499,15596.808
1008,1.8980289164259219,15607.8545
1009,1.8999109480733447,15598.997
1010,1.9017929797207676,15583.254
1011,1.9036750113681902,15561.2295
1012,1.905557043015613,15536.222
1013,1.9074390746630359,15510.113
1014,1.9093211063104587,15486.053
1015,1.9112031379578815,15464.002
1016,1.9130851696053044,15449.744
1017,1.9149672012527272,15434.112
1018,1.9168492329001503,15423.503
1019,1.9187312645475731,15407.949
1020,1.9206132961949955,15408.377
1021,1.9224953278424184,15413.656
1022,1.9243773594898412,15412.793
1023,1.926259391137264,15418.902
1024,1.9281414227846871,15419.645
1025,1.93002345443211,15405.9
1026,1.9319054860795328,15408.95
1027,1.9337875177269557,15407.631
1028,1.9356695493743785,15411.403
1029,1.937551581021801,15420.599
1030,1.939433612669224,15419.572
1031,1.9413156443166468,15421.837
1032,1.9431976759640697,15414.904
1033,1.9450797076114925,15397.536
1034,1.9469617392589154,15376.785
1035,1.9488437709063382,15352.302
1036,1.950725802553761,15340.432
1037,1.952607834201184,15343.026
1038,1.9544898658486065,15328.632
1039,1.9563718974960294,15309.853
1040,1.9582539291434522,15289.788
1041,1.960135960790875,15280.2
1042,1.9620179924382979,15283.976
1043,1.9639000240857207,15289.7
1044,1.9657820557331438,15283.512
1045,1.9676640873805666,15276.356
1046,1.9695461190279895,15264.607
1047,1.9714281506754119,15248.827
1048,1.9733101823228347,15244.1875
1049,1.9751922139702576,15244.948
1050,1.9770742456176804,15243.087
1051,1.9789562772651035,15239.023
1052,1.9808383089125263,15227.505
1053,1.9827203405599492,15210.278
1054,1.984602372207372,15195.468
1055,1.9864844038547949,15177.884
1056,1.9883664355022173,15169.085
1057,1.9902484671496403,15153.996
1058,1.9921304987970632,15142.454
1059,1.994012530444486,15143.244
1060,1.9958945620919089,15148.051
1061,1.9977765937393317,15132.648
1062,1.9996586253867545,15126.133
1063,2.0015406570341776,15119.804
1064,2.0034226886816002,15118.767
1065,2.005304720329023,15126.955
1066,2.0071867519764455,15134.215
1067,2.0090687836238685,15130.019
1068,2.0109508152712916,15123.835
1069,2.0128328469187142,15116.08
1070,2.0147148785661373,15112.384
1071,2.01659691021356,15119.126
1072,2.018478941860983,15123.78
1073,2.0203609735084056,15125.867
1074,2.022243005155828,15114.424
1075,2.0241250368032513,15102.437
1076,2.026007068450674,15101.093
1077,2.027889100098097,15104.845
1078,2.0297711317455196,15113.443
1079,2.0316531633929427,15114.982
1080,2.0335351950403653,15100.472
1081,2.0354172266877884,15080.725
1082,2.0372992583352114,15050.8125
1083,2.0391812899826336,15036.265
1084,2.0410633216300567,15032.79
1085,2.0429453532774793,15035.811
1086,2.0448273849249023,15043.076
1087,2.0467094165723254,15040.151
1088,2.048591448219748,15050.978
1089,2.050473479867171,15054.63
1090,2.0523555115145937,15045.577
1091,2.054237543162017,15052.847
1092,2.056119574809439,15055.56
1093,2.058001606456862,15060.679
1094,2.059883638104285,15059.97
1095,2.0617656697517077,15043.904
1096,2.063647701399131,15021.232
1097,2.0655297330465534,15016.783
1098,2.0674117646939765,15024.366
1099,2.069293796341399,15020.526
1100,2.071175827988822,14998.154
1101,2.073057859636245,14983.277
1102,2.0749398912836674,14976.917
1103,2.0768219229310905,14977.175
1104,2.078703954578513,14984.462
1105,2.080585986225936,14989.705
1106,2.082468017873359,14996.534
1107,2.084350049520782,14996.029
1108,2.086232081168205,14992.521
1109,2.0881141128156275,14983.586
1110,2.08999614446305,14977.341
1111,2.0918781761104728,14965.359
1112,2.093760207757896,14951.151
1113,2.0956422394053185,14954.935
1114,2.0975242710527415,14955.035
1115,2.0994063027001646,14962.292
1116,2.101288334347587,14983.312
1117,2.1031703659950103,14994.295
1118,2.105052397642433,15011.253
1119,2.1069344292898555,15019.9
1120,2.1088164609372786,15017.882
1121,2.110698492584701,15001.657
1122,2.1125805242321243,14989.873
1123,2.114462555879547,14978.931
1124,2.11634458752697,14983.86
1125,2.1182266191743926,14986.316
1126,2.1201086508218157,14985.463
1127,2.1219906824692383,14984.731
1128,2.123872714116661,14989.081
1129,2.125754745764084,14996.079
1130,2.1276367774115066,15001.235
1131,2.1295188090589297,15005.899
1132,2.1314008407063523,15006.152
1133,2.1332828723537753,15006.715
1134,2.1351649040011984,15006.85
1135,2.137046935648621,15015.482
1136,2.138928967296044,15010.848
1137,2.1408109989434663,15005.255
1138,2.1426930305908893,14997.597
1139,2.144575062238312,14983.177
1140,2.146457093885735,14971.862
1141,2.148339125533158,14969.353
1142,2.1502211571805807,14968.588
1143,2.1521031888280038,14957.285
1144,2.1539852204754264,14963.89
1145,2.1558672521228495,14955.995
1146,2.1577492837702716,14946.675
1147,2.1596313154176947,14953.472
1148,2.1615133470651178,14954.925
1149,2.1633953787125404,14960.171
1150,2.1652774103599635,14956.795
1151,2.167159442007386,14955.646
1152,2.169041473654809,14977.238
1153,2.1709235053022318,15006.349
1154,2.172805536949655,15031.089
1155,2.1746875685970775,15056.637
1156,2.1765696002445,15077.415
1157,2.178451631891923,15111.196
1158,2.1803336635393458,15189.914
1159,2.182215695186769,15331.046
1160,2.1840977268341915,15574.151
1161,2.1859797584816145,15996.593
1162,2.1878617901290376,16747.418
1163,2.18974382177646,18168.537
1164,2.191625853423883,20770.322
1165,2.1935078850713055,25379.182
1166,2.1953899167187285,33563.79
1167,2.1972719483661516,47878.45
1168,2.199153980013574,69503.21
1169,2.2010360116609973,85477.79
1170,2.20291804330842,89251.41
1171,2.204800074955843,77737.96
1172,2.2066821066032656,61472.29
1173,2.208564138250688,45915.37
1174,2.2104461698981113,34170.26
1175,2.212328201545534,26452.178
1176,2.214210233192957,21771.424
1177,2.2160922648403796,19007.06
1178,2.2179742964878026,17370.586
1179,2.2198563281352253,16355.558
1180,2.2217383597826483,15719.313
1181,2.2236203914300714,15331.227
1182,2.2255024230774936,15095.304
1183,2.2273844547249166,14961.255
1184,2.2292664863723393,14874.508
1185,2.2311485180197623,14817.795
1186,2.233030549667185,14780.463
1187,2.234912581314608,14758.678
1188,2.236794612962031,14747.861
1189,2.2386766446094537,14733.91
1190,2.2405586762568768,14719.339
1191,2.242440707904299,14706.949
1192,2.244322739551722,14692.817
1193,2.246204771199145,14673.286
1194,2.2480868028465677,14661.974
1195,2.2499688344939908,14653.14
1196,2.2518508661414134,14647.672
1197,2.2537328977888365,14641.799
1198,2.255614929436259,14630.734
1199,2.257496961083682,14619.002
1200,2.2593789927311048,14620.85
1201,2.2612610243785274,14626.547
1202,2.2631430560259505,14628.549
1203,2.265025087673373,14620.714
1204,2.266907119320796,14591.128
1205,2.2687891509682188,14573.554
1206,2.270671182615642,14567.283
1207,2.272553214263065,14562.663
1208,2.2744352459104875,14547.915
1209,2.27631727755791,14534.701
1210,2.2781993092053328,14531.925
1211,2.280081340852756,14537.056
1212,2.2819633725001784,14537.474
1213,2.2838454041476015,14542.592
1214,2.2857274357950246,14542.614
1215,2.287609467442447,14529.54
1216,2.2894914990898703,14516.814
1217,2.291373530737293,14508.224
1218,2.2932555623847155,14502.923
1219,2.295137594032138,14500.13
1220,2.297019625679561,14495.875
1221,2.2989016573269843,14490.007
1222,2.300783688974407,14481.462
1223,2.30266572062183,14483.845
1224,2.3045477522692526,14479.914
1225,2.3064297839166756,14482.212
1226,2.3083118155640983,14491.591
1227,2.310193847211521,14489.526
1228,2.312075878858944,14501.472
1229,2.3139579105063666,14506.858
1230,2.3158399421537896,14503.928
1231,2.3177219738012123,14504.981
1232,2.3196040054486353,14505.328
1233,2.321486037096058,14499.181
1234,2.323368068743481,14505.227
1235,2.325250100390904,14503.554
1236,2.3271321320383263,14499.183
1237,2.3290141636857493,14483.624
1238,2.330896195333172,14473.403
1239,2.332778226980595,14461.937
1240,2.334660258628018,14458.868
1241,2.3365422902754407,14466.125
1242,2.3384243219228638,14471.205
1243,2.3403063535702864,14483.747
1244,2.3421883852177094,14481.865
1245,2.3440704168651316,14465.331
1246,2.3459524485125547,14455.787
1247,2.3478344801599778,14445.517
1248,2.3497165118074004,14445.495
1249,2.3515985434548234,14441.852
1250,2.353480575102246,14427.762
1251,2.355362606749669,14423.848
1252,2.3572446383970918,14420.349
1253,2.359126670044515,14422.449
1254,2.3610087016919374,14425.401
1255,2.36289073333936,14422.6455
1256,2.364772764986783,14430.4
1257,2.3666547966342057,14441.2705
1258,2.368536828281629,14458.163
1259,2.3704188599290514,14471.507
1260,2.3723008915764745,14465.75
1261,2.3741829232238976,14453.246
1262,2.37606495487132,14444.7705
1263,2.377946986518743,14442.104
1264,2.3798290181661654,14440.617
1265,2.3817110498135885,14453.793
1266,2.383593081461011,14478.168
1267,2.385475113108434,14501.695
1268,2.3873571447558573,14517.039
1269,2.38923917640328,14519.828
1270,2.391121208050703,14505.062
1271,2.3930032396981256,14483.741
1272,2.394885271345548,14470.954
1273,2.3967673029929712,14470.448
1274,2.398649334640394,14458.88
1275,2.400531366287817,14444.481
1276,2.4024133979352396,14431.713
1277,2.4042954295826626,14419.927
1278,2.4061774612300852,14422.024
1279,2.4080594928775083,14427.508
1280,2.409941524524931,14435.984
1281,2.4118235561723536,14442.492
1282,2.4137055878197766,14449.108
1283,2.4155876194671992,14451.134
1284,2.4174696511146223,14440.024
1285,2.419351682762045,14432.903
1286,2.421233714409468,14430.607
1287,2.423115746056891,14433.272
1288,2.4249977777043137,14433.708
1289,2.4268798093517363,14432.837
1290,2.428761840999159,14440.722
1291,2.430643872646582,14440.113
1292,2.4325259042940046,14451.398
1293,2.4344079359414277,14463.32
1294,2.4362899675888507,14476.447
1295,2.4381719992362734,14485.469
1296,2.4400540308836964,14476.582
1297,2.441936062531119,14461.06
1298,2.4438180941785417,14444.537
1299,2.4457001258259643,14435.639
1300,2.4475821574733874,14422.777
1301,2.4494641891208104,14418.345
1302,2.451346220768233,14434.557
1303,2.453228252415656,14439.963
1304,2.4551102840630787,14457.7
1305,2.456992315710502,14456.141
1306,2.4588743473579244,14454.096
1307,2.460756379005347,14452.633
1308,2.46263841065277,14438.311
1309,2.4645204423001927,14424.535
1310,2.466402473947616,14404.031
1311,2.4682845055950384,14407.612
1312,2.4701665372424615,14405.602
1313,2.472048568889884,14406.641
1314,2.473930600537307,14413.625
1315,2.4758126321847302,14403.455
1316,2.4776946638321524,14406.181
1317,2.4795766954795755,14411.654
1318,2.481458727126998,14419.697
1319,2.483340758774421,14423.318
1320,2.4852227904218442,14420.834
1321,2.487104822069267,14400.505
1322,2.48898685371669,14388.428
1323,2.4908688853641126,14390.768
1324,2.4927509170115356,14399.638
1325,2.494632948658958,14406.627
1326,2.496514980306381,14403.117
1327,2.498397011953804,14383.082
1328,2.5002790436012265,14360.813
1329,2.5021610752486496,14362.158
1330,2.5040431068960722,14362.408
1331,2.5059251385434953,14358.077
1332,2.507807170190918,14343.24
1333,2.509689201838341,14339.137
1334,2.5115712334857636,14336.87
1335,2.5134532651331862,14345.175
1336,2.5153352967806093,14348.041
1337,2.517217328428032,14350.415
1338,2.519099360075455,14354.875
1339,2.5209813917228776,14346.703
1340,2.5228634233703007,14342.192
1341,2.5247454550177237,14344.818
1342,2.5266274866651464,14358.326
1343,2.528509518312569,14367.223
1344,2.5303915499599916,14366.302
1345,2.5322735816074147,14360.123
1346,2.5341556132548377,14354.974
1347,2.5360376449022604,14343.35
1348,2.5379196765496834,14339.587
1349,2.539801708197106,14347.9795
1350,2.541683739844529,14351.021
1351,2.5435657714919517,14358.926
1352,2.5454478031393744,14368.015
1353,2.5473298347867974,14370.171
1354,2.54921186643422,14359.005
1355,2.551093898081643,14348.802
1356,2.5529759297290657,14342.228
1357,2.554857961376489,14343.057
1358,2.5567399930239114,14346.439
1359,2.5586220246713345,14353.9375
1360,2.5605040563187575,14363.02
1361,2.5623860879661797,14368.399
1362,2.564268119613603,14378.112
1363,2.5661501512610254,14384.175
1364,2.5680321829084485,14383.82
1365,2.569914214555871,14386.153
1366,2.571796246203294,14384.141
1367,2.5736782778507172,14377.948
1368,2.57556030949814,14375.229
1369,2.577442341145563,14370.33
1370,2.579324372792985,14377.748
1371,2.581206404440408,14379.072
1372,2.583088436087831,14376.575
1373,2.584970467735254,14380.904
1374,2.586852499382677,14375.866
1375,2.5887345310300995,14368.698
1376,2.5906165626775226,14361.527
1377,2.5924985943249452,14356.059
1378,2.5943806259723683,14352.74
1379,2.596262657619791,14357.228
1380,2.5981446892672135,14364.833
1381,2.6000267209146366,14364.567
1382,2.6019087525620592,14368.292
1383,2.6037907842094823,14352.536
1384,2.605672815856905,14344.9375
1385,2.607554847504328,14349.5625
1386,2.6094368791517506,14348.677
1387,2.6113189107991737,14363.206
1388,2.6132009424465963,14383.276
1389,2.615082974094019,14394.276
1390,2.616965005741442,14410.885
1391,2.6188470373888646,14410.32
1392,2.6207290690362877,14399.17
1393,2.6226111006837107,14394.494
1394,2.6244931323311333,14390.878
1395,2.6263751639785564,14382.14
1396,2.628257195625979,14369.218
1397,2.6301392272734017,14363.877
1398,2.6320212589208243,14368.4795
1399,2.6339032905682473,14376.788
1400,2.6357853222156704,14383.447
1401,2.637667353863093,14393.465
1402,2.639549385510516,14385.364
1403,2.6414314171579387,14380.452
1404,2.643313448805362,14376.809
1405,2.6451954804527844,14370.84
1406,2.647077512100207,14383.337
1407,2.64895954374763,14403.556
1408,2.6508415753950527,14419.604
1409,2.652723607042476,14420.177
1410,2.6546056386898984,14405.669
1411,2.6564876703373215,14397.908
1412,2.658369701984744,14405.885
1413,2.660251733632167,14419.752
1414,2.6621337652795902,14424.192
1415,2.6640157969270124,14431.856
1416,2.6658978285744355,14444.622
1417,2.667779860221858,14447.895
1418,2.669661891869281,14451.939
1419,2.6715439235167038,14450.437
1420,2.673425955164127,14444.527
1421,2.67530798681155,14469.183
1422,2.6771900184589725,14478.665
1423,2.6790720501063956,14487.352
1424,2.6809540817538178,14494.078
1425,2.682836113401241,14493.108
1426,2.684718145048664,14502.059
1427,2.6866001766960865,14509.663
1428,2.6884822083435096,14499.056
1429,2.690364239990932,14498.948
1430,2.6922462716383553,14507.253
1431,2.694128303285778,14524.777
1432,2.696010334933201,14535.065
1433,2.6978923665806236,14550.012
1434,2.699774398228046,14558.256
1435,2.7016564298754693,14561.531
1436,2.703538461522892,14584.5625
1437,2.705420493170315,14607.182
1438,2.7073025248177376,14643.723
1439,2.7091845564651607,14692.092
1440,2.7110665881125837,14767.34
1441,2.7129486197600063,14886.904
1442,2.714830651407429,15098.847
1443,2.7167126830548516,15490.211
1444,2.7185947147022747,16222.032
1445,2.7204767463496973,17585.887
1446,2.7223587779971203,20113.621
1447,2.7242408096445434,24887.086
1448,2.726122841291966,33712.47
1449,2.728004872939389,43071.25
1450,2.7298869045868117,47915.043
1451,2.7317689362342343,45255.7
1452,2.733650967881657,38226.02
1453,2.73553299952908,32360.45
1454,2.737415031176503,26475.473
1455,2.7392970628239257,21834.064
1456,2.7411790944713488,18946.523
1457,2.7430611261187714,17260.92
1458,2.7449431577661945,16234.398
1459,2.746825189413617,15590.5205
1460,2.7487072210610397,15218.892
1461,2.7505892527084628,15001.389
1462,2.7524712843558854,14875.93
1463,2.7543533160033085,14798.659
1464,2.756235347650731,14753.52
1465,2.758117379298154,14723.026
1466,2.759999410945577,14696.7705
1467,2.761881442593,14681.386
1468,2.763763474240423,14669.616
1469,2.765645505887845,14657.047
1470,2.767527537535268,14645.778
1471,2.7694095691826908,14642.077
1472,2.771291600830114,14636.145
1473,2.773173632477537,14634.363
1474,2.7750556641249595,14644.328
1475,2.7769376957723826,14630.834
1476,2.778819727419805,14634.186
1477,2.7807017590672283,14642.632
1478,2.7825837907146505,14653.006
1479,2.7844658223620735,14667.215
1480,2.7863478540094966,14676.246
1481,2.788229885656919,14664.551
1482,2.7901119173043423,14650.76
1483,2.791993948951765,14631.227
1484,2.793875980599188,14634.543
1485,2.7957580122466106,14657.836
1486,2.7976400438940336,14677.145
1487,2.7995220755414563,14685.475
1488,2.801404107188879,14691.67
1489,2.803286138836302,14696.8955
1490,2.8051681704837246,14695.662
1491,2.8070502021311476,14689.343
1492,2.8089322337785703,14697.435
1493,2.8108142654259933,14699.796
1494,2.8126962970734164,14714.659
1495,2.814578328720839,14727.788
1496,2.8164603603682616,14723.068
1497,2.8183423920156843,14702.948
1498,2.8202244236631073,14688.453
1499,2.8221064553105304,14687.577
1500,2.823988486957953,14687.146
1501,2.825870518605376,14702.249
1502,2.8277525502527987,14710.975
1503,2.8296345819002218,14709.742
1504,2.8315166135476444,14716.574
1505,2.833398645195067,14730.061
1506,2.83528067684249,14734.002
1507,2.8371627084899127,14740.926
1508,2.8390447401373358,14749.091
1509,2.8409267717847584,14759.74
1510,2.8428088034321815,14766.099
1511,2.844690835079604,14750.871
1512,2.846572866727027,14746.462
1513,2.84845489837445,14745.991
1514,2.8503369300218724,14761.385
1515,2.8522189616692954,14788.795
1516,2.854100993316718,14793.137
1517,2.855983024964141,14792.524
1518,2.8578650566115638,14794.023
1519,2.859747088258987,14798.065
1520,2.86162911990641,14819.57
1521,2.8635111515538325,14841.557
1522,2.8653931832012556,14847.276
1523,2.8672752148486778,14858.63
1524,2.869157246496101,14864.718
1525,2.8710392781435234,14872.218
1526,2.8729213097909465,14884.085
1527,2.8748033414383696,14887.484
1528,2.876685373085792,14897.583
1529,2.8785674047332153,14900.573
1530,2.880449436380638,14894.785
1531,2.882331468028061,14880.175
1532,2.8842134996754836,14888.087
1533,2.886095531322906,14898.282
1534,2.8879775629703293,14896.312
1535,2.889859594617752,14898.498
1536,2.891741626265175,14902.501
1537,2.8936236579125976,14907.819
1538,2.8955056895600206,14917.58
1539,2.8973877212074433,14933.485
1540,2.8992697528548663,14946.069
1541,2.901151784502289,14963.251
1542,2.9030338161497116,14979.848
1543,2.9049158477971346,14975.99
1544,2.9067978794445573,14972.78
1545,2.9086799110919803,14995.422
1546,2.9105619427394034,14998.006
1547,2.912443974386826,15006.142
1548,2.914326006034249,15021.212
1549,2.9162080376816717,15034.892
1550,2.9180900693290943,15041.056
1551,2.919972100976517,15041.51
1552,2.92185413262394,15047.466
1553,2.923736164271363,15053.19
1554,2.9256181959187857,15046.209
1555,2.9275002275662088,15029.108
1556,2.9293822592136314,15016.503
1557,2.9312642908610544,15018.683
1558,2.933146322508477,15010.218
1559,2.9350283541558997,15015.554
1560,2.9369103858033228,15030.375
1561,2.9387924174507454,15052.846
1562,2.9406744490981684,15071.922
1563,2.942556480745591,15078.374
1564,2.944438512393014,15070.563
1565,2.9463205440404368,15067.116
1566,2.94820257568786,15065.336
1567,2.950084607335283,15057.659
1568,2.951966638982705,15060.069
1569,2.953848670630128,15059.079
1570,2.9557307022775507,15063.435
1571,2.957612733924974,15078.784
1572,2.9594947655723964,15082.093
1573,2.9613767972198195,15067.15
1574,2.9632588288672426,15046.67
1575,2.965140860514665,15035.305
1576,2.9670228921620883,15031.783
1577,2.9689049238095104,15027.898
1578,2.9707869554569335,15024.968
1579,2.9726689871043566,15034.512
1580,2.974551018751779,15032.355
1581,2.9764330503992023,15026.403
1582,2.978315082046625,15027.575
1583,2.980197113694048,15027.921
1584,2.9820791453414706,15022.342
1585,2.9839611769888936,15005.281
1586,2.9858432086363162,14998.506
1587,2.987725240283739,15009.753
1588,2.989607271931162,15013.42
1589,2.9914893035785846,15009.504
1590,2.9933713352260076,14985.0205
1591,2.9952533668734302,14964.437
1592,2.9971353985208533,14969.899
1593,2.9990174301682764,14987.533
1594,3.000899461815699,15011.218
1595,3.0027814934631216,15020.718
1596,3.0046635251105442,15006.987
1597,3.0065455567579673,14991.655
1598,3.00842758840539,14981.262
1599,3.010309620052813,14988.648
1600,3.012191651700236,14995.566
1601,3.0140736833476587,14990.028
1602,3.0159557149950817,14981.467
1603,3.0178377466425044,14985.467
1604,3.019719778289927,15007.529
1605,3.02160180993735,15019.891
1606,3.0234838415847727,15012.032
1607,3.0253658732321957,14984.6875
1608,3.0272479048796184,14963.391
1609,3.0291299365270414,14970.341
1610,3.031011968174464,14982.661
1611,3.032893999821887,14972.976
1612,3.0347760314693097,14952.309
1613,3.0366580631167324,14929.9
1614,3.0385400947641554,14930.415
1615,3.040422126411578,14956.425
1616,3.042304158059001,14981.049
1617,3.0441861897064237,14990.378
1618,3.046068221353847,14986.214
1619,3.04795025300127,14981.98
1620,3.0498322846486925,14985.9
1621,3.0517143162961156,15004.179
1622,3.0535963479435377,15009.474
1623,3.055478379590961,15000.76
1624,3.0573604112383834,14986.739
1625,3.0592424428858065,14973.762
1626,3.0611244745332296,14960.355
1627,3.063006506180652,14964.969
1628,3.0648885378280752,14985.209
1629,3.066770569475498,14992.705
1630,3.068652601122921,14995.687
1631,3.070534632770343,14991.548
1632,3.072416664417766,14983.385
1633,3.0742986960651892,14971.189
1634,3.076180727712612,14952.921
1635,3.078062759360035,14955.862
1636,3.0799447910074575,14975.71
1637,3.0818268226548806,14983.178
1638,3.0837088543023032,14976.966
1639,3.0855908859497263,14964.903
1640,3.087472917597149,14957.767
1641,3.0893549492445715,14967.494
1642,3.0912369808919946,14988.969
1643,3.0931190125394172,14985.821
1644,3.0950010441868403,14965.641
1645,3.096883075834263,14953.546
1646,3.098765107481686,14948.306
1647,3.100647139129109,14941.02
1648,3.1025291707765317,14922.362
1649,3.1044112024239543,14918.984
1650,3.106293234071377,14928.32
1651,3.1081752657188,14941.41
1652,3.110057297366223,14958.236
1653,3.1119393290136457,14969.21
1654,3.1138213606610687,14979.714
1655,3.1157033923084914,14979.965
1656,3.1175854239559144,14988.456
1657,3.119467455603337,14990.919
1658,3.1213494872507597,14984.806
1659,3.1232315188981827,14967.61
1660,3.1251135505456054,14966.25
1661,3.1269955821930284,14961.378
1662,3.128877613840451,14968.441
1663,3.130759645487874,14977.907
1664,3.1326416771352967,14991.37
1665,3.13452370878272,14989.329
1666,3.136405740430143,14968.021
1667,3.138287772077565,14951.76
1668,3.140169803724988,14942.2705
1669,3.1420518353724107,14962.669
1670,3.143933867019834,14985.22
1671,3.1458158986672564,15002.844
1672,3.1476979303146795,15005.917
1673,3.1495799619621025,14991.796
1674,3.151461993609525,14964.721
1675,3.1533440252569482,14954.795
1676,3.1552260569043704,14966.3545
1677,3.1571080885517935,14981.123
1678,3.158990120199216,14974.07
1679,3.160872151846639,14965.1
1680,3.1627541834940622,14946.158
1681,3.164636215141485,14947.128
1682,3.166518246788908,14964.658
1683,3.1684002784363305,15000.684
1684,3.1702823100837536,15029.701
1685,3.1721643417311762,15064.239
1686,3.174046373378599,15124.021
1687,3.175928405026022,15230.851
1688,3.1778104366734445,15449.079
1689,3.1796924683208676,15861.757
1690,3.1815744999682902,16577.043
1691,3.1834565316157133,17857.012
1692,3.185338563263136,20055.334
1693,3.187220594910559,23291.9
1694,3.1891026265579816,26848.494
1695,3.1909846582054042,29497.39
1696,3.1928666898528273,30228.707
1697,3.19474872150025,28546.863
1698,3.196630753147673,25861.16
1699,3.198512784795096,23204.957
1700,3.2003948164425187,20579.371
1701,3.2022768480899417,18478.941
1702,3.2041588797373644,17126.3
1703,3.206040911384787,16300.069
1704,3.2079229430322096,15791.862
1705,3.2098049746796327,15459.613
1706,3.2116870063270557,15219.868
1707,3.2135690379744783,15050.21
1708,3.2154510696219014,14957.834
1709,3.217333101269324,14917.144
1710,3.219215132916747,14902.461
1711,3.2210971645641697,14900.698
1712,3.2229791962115923,14890.245
1713,3.2248612278590154,14859.929
1714,3.226743259506438,14827.142
1715,3.228625291153861,14795.122
1716,3.2305073228012837,14786.097
1717,3.232389354448707,14799.15
1718,3.2342713860961294,14802.514
1719,3.2361534177435525,14807.731
1720,3.2380354493909755,14810.744
1721,3.2399174810383977,14787.455
1722,3.241799512685821,14767.264
1723,3.2436815443332434,14757.553
1724,3.2455635759806665,14763.941
1725,3.247445607628089,14777.422
1726,3.249327639275512,14789.172
1727,3.2512096709229352,14773.761
1728,3.253091702570358,14755.996
1729,3.254973734217781,14733.187
1730,3.256855765865203,14723.571
1731,3.258737797512626,14727.665
1732,3.260619829160049,14735.861
1733,3.262501860807472,14770.114
1734,3.264383892454895,14798.988
1735,3.2662659241023175,14806.62
1736,3.2681479557497406,14809.385
1737,3.270029987397163,14797.1
1738,3.2719120190445863,14780.124
1739,3.273794050692009,14769.963
1740,3.2756760823394315,14766.878
1741,3.2775581139868546,14758.1875
1742,3.279440145634277,14747.789
1743,3.2813221772817003,14736.794
1744,3.283204208929123,14726.216
1745,3.285086240576546,14711.044
1746,3.286968272223969,14688.922
1747,3.2888503038713917,14669.412
1748,3.2907323355188143,14655.6455
1749,3.292614367166237,14658.347
1750,3.29449639881366,14665.565
1751,3.2963784304610826,14645.404
1752,3.2982604621085057,14629.914
1753,3.3001424937559287,14615.189
1754,3.3020245254033513,14601.349
1755,3.3039065570507744,14595.645
1756,3.305788588698197,14598.924
1757,3.3076706203456196,14616.728
1758,3.3095526519930427,14637.389
1759,3.3114346836404653,14656.111
1760,3.3133167152878884,14673.061
1761,3.315198746935311,14660.833
1762,3.317080778582734,14633.363
1763,3.3189628102301567,14616.03
1764,3.32084484187758,14599.459
1765,3.3227268735250024,14604.521
1766,3.324608905172425,14617.002
1767,3.326490936819848,14630.602
1768,3.3283729684672707,14608.599
1769,3.3302550001146938,14558.806
1770,3.3321370317621164,14548.836
1771,3.3340190634095395,14568.283
1772,3.3359010950569625,14583.847
1773,3.337783126704385,14598.836
1774,3.339665158351808,14602.644
1775,3.3415471899992304,14573.818
1776,3.3434292216466535,14543.248
1777,3.345311253294076,14513.567
1778,3.347193284941499,14509.287
1779,3.349075316588922,14501.172
1780,3.350957348236345,14490.266
1781,3.352839379883768,14480.261
1782,3.3547214115311905,14482.484
1783,3.3566034431786136,14481.389
1784,3.3584854748260358,14473.851
1785,3.360367506473459,14448.445
1786,3.362249538120882,14417.703
1787,3.3641315697683045,14400.26
1788,3.3660136014157276,14388.432
1789,3.36789563306315,14390.999
1790,3.3697776647105733,14395.68
1791,3.371659696357996,14399.018
1792,3.3735417280054185,14400.513
1793,3.3754237596528416,14398.714
1794,3.377305791300264,14407.561
1795,3.3791878229476873,14418.866
1796,3.38106985459511,14416.008
1797,3.382951886242533,14390.715
1798,3.3848339178899556,14366.771
1799,3.3867159495373786,14377.861
1800,3.3885979811848017,14374.837
1801,3.390480012832224,14359.188
1802,3.392362044479647,14342.644
1803,3.3942440761270696,14343.75
1804,3.3961261077744926,14358.136
1805,3.3980081394219157,14362.421
1806,3.3998901710693383,14333.963
1807,3.4017722027167614,14293.481
1808,3.403654234364184,14246.091
1809,3.405536266011607,14234.389
1810,3.4074182976590293,14237.987
1811,3.4093003293064523,14234.328
1812,3.4111823609538754,14223.862
1813,3.413064392601298,14219.471
1814,3.414946424248721,14213.495
1815,3.4168284558961437,14203.081
1816,3.4187104875435668,14194.274
1817,3.4205925191909894,14197.008
1818,3.4224745508384125,14201.259
1819,3.424356582485835,14196.076
1820,3.4262386141332577,14184.144
1821,3.4281206457806808,14200.492
1822,3.4300026774281034,14244.897
1823,3.4318847090755265,14248.54
1824,3.433766740722949,14211.34
1825,3.435648772370372,14163.497
1826,3.437530804017795,14158.891
1827,3.439412835665218,14171.947
1828,3.4412948673126404,14173.942
1829,3.443176898960063,14163.405
1830,3.445058930607486,14157.865
1831,3.4469409622549088,14167.927
1832,3.448822993902332,14191.026
1833,3.450705025549755,14189.995
1834,3.4525870571971775,14182.229
1835,3.4544690888446006,14193.345
1836,3.456351120492023,14215.205
1837,3.458233152139446,14194.788
1838,3.460115183786869,14177.541
1839,3.4619972154342915,14171.643
1840,3.4638792470817146,14191.701
1841,3.465761278729137,14204.524
1842,3.4676433103765603,14188.806
1843,3.469525342023983,14153.988
1844,3.471407373671406,14138.563
1845,3.4732894053188286,14146.443
1846,3.475171436966251,14164.977
1847,3.4770534686136743,14175.762
1848,3.478935500261097,14167.218
1849,3.48081753190852,14163.148
1850,3.4826995635559426,14172.315
1851,3.4845815952033656,14179.998
1852,3.4864636268507887,14176.941
1853,3.4883456584982113,14169.825
1854,3.4902276901456344,14147.361
1855,3.4921097217930566,14127.738
1856,3.4939917534404796,14102.873
1857,3.4958737850879023,14080.27
1858,3.4977558167353253,14085.606
1859,3.4996378483827484,14142.307
1860,3.501519880030171,14190.919
1861,3.503401911677594,14156.396
1862,3.5052839433250167,14104.359
1863,3.5071659749724398,14063.714
1864,3.509048006619862,14026.28
1865,3.510930038267285,14017.852
1866,3.512812069914708,14003.045
1867,3.5146941015621307,14011.122
1868,3.5165761332095538,14028.28
1869,3.5184581648569764,14066.761
1870,3.5203401965043994,14098.771
1871,3.522222228151822,14155.312
1872,3.524104259799245,14179.527
1873,3.5259862914466678,14133.417
1874,3.5278683230940904,14068.258
1875,3.5297503547415134,14022.239
1876,3.531632386388936,14047.582
1877,3.533514418036359,14071.84
1878,3.5353964496837817,14056.62
1879,3.537278481331205,14042.064
1880,3.539160512978628,14024.448
1881,3.5410425446260505,14013.891
1882,3.542924576273473,14015.475
1883,3.5448066079208957,14009.644
1884,3.546688639568319,14023.893
1885,3.548570671215742,14061.211
1886,3.5504527028631645,14102.489
1887,3.5523347345105876,14102.552
1888,3.55421676615801,14026.807
1889,3.5560987978054333,13938.274
1890,3.557980829452856,13913.791
1891,3.5598628611002785,13921.335
1892,3.5617448927477016,13955.546
1893,3.563626924395124,13982.672
1894,3.5655089560425473,14025.876
1895,3.56739098768997,14066.793
1896,3.569273019337393,14090.723
1897,3.5711550509848156,14069.204
1898,3.5730370826322386,14048.366
1899,3.5749191142796617,14064.18
1900,3.576801145927084,14099.287
1901,3.578683177574507,14102.824
1902,3.5805652092219296,14053.183
1903,3.5824472408693526,13993.007
1904,3.5843292725167752,13955.61
1905,3.5862113041641983,13957.301
1906,3.5880933358116214,14008.162
1907,3.589975367459044,14055.261
1908,3.591857399106467,14108.89
1909,3.5937394307538892,14165.104
1910,3.5956214624013123,14301.291
1911,3.5975034940487354,14559.364
1912,3.599385525696158,15116.452
1913,3.601267557343581,16184.302
1914,3.6031495889910037,18082.844
1915,3.6050316206384267,21241.367
1916,3.6069136522858494,25603.57
1917,3.6087956839332724,31136.0
1918,3.610677715580695,37081.832
1919,3.6125597472281177,41861.805
1920,3.6144417788755407,44281.17
1921,3.6163238105229634,42221.16
1922,3.6182058421703864,37922.223
1923,3.620087873817809,33667.008
1924,3.621969905465232,29015.629
1925,3.623851937112655,24270.697
1926,3.625733968760078,20444.49
1927,3.6276160004075004,17829.129
1928,3.629498032054923,16243.439
1929,3.631380063702346,15224.027
1930,3.6332620953497687,14651.18
1931,3.635144126997192,14305.046
1932,3.637026158644615,13996.359
1933,3.6389081902920375,13864.283
1934,3.6407902219394597,13719.854
1935,3.6426722535868823,13679.587
1936,3.6445542852343054,13718.729
1937,3.6464363168817284,13765.008
1938,3.648318348529151,13753.997
1939,3.650200380176574,13727.519
1940,3.6520824118239967,13731.452
1941,3.65396444347142,13784.032
1942,3.6558464751188424,13824.315
1943,3.6577285067662655,13822.058
1944,3.6596105384136886,13833.406
1945,3.661492570061111,13862.425
1946,3.6633746017085342,13903.742
1947,3.665256633355957,13980.476
1948,3.66713866500338,14020.908
1949,3.6690206966508025,14035.712
1950,3.6709027282982247,13994.365
1951,3.672784759945648,13971.972
1952,3.6746667915930704,14010.018
1953,3.6765488232404935,14079.163
1954,3.678430854887916,14082.973
1955,3.680312886535339,14087.435
1956,3.682194918182762,14108.127
1957,3.684076949830185,14143.087
1958,3.685958981477608,14150.747
1959,3.6878410131250305,14188.423
1960,3.6897230447724536,14246.032
1961,3.6916050764198762,14256.547
1962,3.6934871080672993,14221.931
1963,3.695369139714722,14208.992
1964,3.697251171362145,14264.882
1965,3.699133203009568,14379.324
1966,3.7010152346569907,14395.695
1967,3.7028972663044137,14347.063
1968,3.7047792979518355,14327.605
1969,3.7066613295992585,14315.462
1970,3.7085433612466816,14409.373
1971,3.7104253928941042,14569.514
1972,3.7123074245415273,14703.561
1973,3.71418945618895,14656.342
1974,3.716071487836373,14651.032
1975,3.7179535194837956,14702.576
1976,3.7198355511312187,14733.98
1977,3.7217175827786417,14699.624
1978,3.7235996144260644,14732.396
1979,3.7254816460734874,14850.633
1980,3.72736367772091,14962.085
1981,3.729245709368333,15065.864
1982,3.7311277410157557,15164.028
1983,3.733009772663179,15195.36
1984,3.7348918043106014,15287.072
1985,3.7367738359580245,15433.958
1986,3.7386558676054467,15693.16
1987,3.7405378992528693,15997.392
1988,3.7424199309002923,16298.745
1989,3.744301962547715,16343.2705
1990,3.746183994195138,16422.424
1991,3.748066025842561,15851.276
1992,3.7499480574899837,15504.949
1993,3.751830089137407,16648.9
1994,3.7537121207848294,16873.688
1995,3.7555941524322525,16804.672
1996,3.757476184079675,16792.844
1997,3.759358215727098,16832.693
1998,3.7612402473745212,12305.279
1999,3.763122279021944,0.0
