,q,I
0,9.410158237114136e-06,133.87082
1,2.8230474711342412e-05,134.66704
2,4.705079118557069e-05,134.12729
3,6.587110765979897e-05,138.23315
4,8.469142413402725e-05,143.84607
5,0.00010351174060825554,147.28377
6,0.00012233205708248382,149.01273
7,0.00014115237355671209,150.27333
8,0.00015997269003094035,150.72891
9,0.00017879300650516864,150.38771
10,0.00019761332297939694,150.09096
11,0.00021643363945362518,149.64636
12,0.00023525395592785347,149.45949
13,0.00025407427240208176,150.0131
14,0.00027289458887631,149.79982
15,0.0002917149053505383,148.80103
16,0.00031053522182476653,148.19797
17,0.0003293555382989948,148.57336
18,0.0003481758547732231,150.08247
19,0.0003669961712474514,150.30403
20,0.0003858164877216797,148.87193
21,0.00040463680419590794,147.76488
22,0.0004234571206701362,146.33688
23,0.00044227743714436447,144.85547
24,0.00046109775361859276,144.3602
25,0.00047991807009282106,144.62161
26,0.0004987383865670493,145.32748
27,0.0005175587030412776,145.39214
28,0.0005363790195155059,145.56215
29,0.0005551993359897341,145.99373
30,0.0005740196524639625,146.87634
31,0.0005928399689381908,147.29364
32,0.0006116602854124189,147.03163
33,0.0006304806018866472,146.30608
34,0.0006493009183608755,146.18297
35,0.0006681212348351038,146.8124
36,0.0006869415513093321,146.57222
37,0.0007057618677835603,147.17216
38,0.0007245821842577887,146.72627
39,0.0007434025007320169,146.59044
40,0.0007622228172062453,147.06985
41,0.0007810431336804735,147.29753
42,0.0007998634501547018,147.70514
43,0.0008186837666289301,147.85732
44,0.0008375040831031582,147.84854
45,0.0008563243995773866,148.00635
46,0.0008751447160516148,147.95343
47,0.0008939650325258432,147.8131
48,0.0009127853490000714,148.47865
49,0.0009316056654742996,148.98434
50,0.000950425981948528,149.93558
51,0.0009692462984227562,150.97134
52,0.0009880666148969846,151.07735
53,0.0010068869313712128,151.29555
54,0.001025707247845441,151.31792
55,0.0010445275643196693,151.59222
56,0.0010633478807938975,152.14853
57,0.001082168197268126,152.51114
58,0.0011009885137423542,152.47159
59,0.0011198088302165825,151.9933
60,0.0011386291466908107,152.17792
61,0.001157449463165039,152.0961
62,0.0011762697796392674,151.49301
63,0.0011950900961134956,151.26973
64,0.0012139104125877239,151.56271
65,0.0012327307290619521,151.41917
66,0.0012515510455361803,150.95586
67,0.0012703713620104088,150.69574
68,0.001289191678484637,150.28592
69,0.0013080119949588653,151.07086
70,0.0013268323114330935,151.15256
71,0.001345652627907322,150.66287
72,0.0013644729443815502,149.53703
73,0.0013832932608557785,148.89995
74,0.0014021135773300067,149.25018
75,0.0014209338938042347,149.62029
76,0.0014397542102784634,149.52968
77,0.0014585745267526916,149.51976
78,0.0014773948432269196,149.07365
79,0.0014962151597011479,148.50798
80,0.0015150354761753763,148.51903
81,0.0015338557926496046,148.96703
82,0.0015526761091238328,148.96959
83,0.001571496425598061,148.97482
84,0.0015903167420722893,148.87631
85,0.0016091370585465177,149.19449
86,0.001627957375020746,149.53587
87,0.0016467776914949742,149.25839
88,0.0016655980079692025,148.70988
89,0.0016844183244434307,147.99509
90,0.0017032386409176592,147.39108
91,0.0017220589573918874,147.23903
92,0.0017408792738661156,147.22032
93,0.0017596995903403439,147.64052
94,0.0017785199068145723,148.06635
95,0.0017973402232888006,148.67749
96,0.0018161605397630288,148.77025
97,0.001834980856237257,148.64034
98,0.0018538011727114853,148.61412
99,0.0018726214891857137,148.33102
100,0.001891441805659942,148.73921
101,0.0019102621221341702,149.15569
102,0.0019290824386083982,149.10493
103,0.001947902755082627,149.01436
104,0.001966723071556855,148.78693
105,0.001985543388031083,149.0893
106,0.0020043637045053116,149.62645
107,0.0020231840209795396,149.84981
108,0.002042004337453768,149.81303
109,0.0020608246539279966,149.57013
110,0.0020796449704022246,149.6677
111,0.002098465286876453,149.7657
112,0.002117285603350681,150.03369
113,0.0021361059198249095,150.05637
114,0.002154926236299138,150.12338
115,0.002173746552773366,150.35278
116,0.002192566869247594,150.62329
117,0.0022113871857218225,150.84135
118,0.002230207502196051,151.24825
119,0.002249027818670279,151.7446
120,0.0022678481351445074,152.37494
121,0.002286668451618736,153.11546
122,0.002305488768092964,153.47649
123,0.0023243090845671923,153.88084
124,0.0023431294010414208,153.70311
125,0.0023619497175156492,153.57626
126,0.0023807700339898773,153.65468
127,0.0023995903504641057,153.94966
128,0.0024184106669383337,154.38084
129,0.002437230983412562,154.71272
130,0.00245605129988679,155.03651
131,0.0024748716163610187,155.62964
132,0.0024936919328352467,156.3212
133,0.0025125122493094756,156.91399
134,0.0025313325657837036,157.12451
135,0.002550152882257932,157.33746
136,0.00256897319873216,157.66066
137,0.0025877935152063885,157.91977
138,0.0026066138316806165,158.30826
139,0.002625434148154845,158.5931
140,0.002644254464629073,158.60352
141,0.0026630747811033015,158.95361
142,0.00268189509757753,158.8517
143,0.0027007154140517584,158.9238
144,0.0027195357305259864,159.19955
145,0.002738356047000215,159.45651
146,0.002757176363474443,159.28676
147,0.002775996679948671,159.26062
148,0.0027948169964228994,159.73666
149,0.0028136373128971274,160.32954
150,0.002832457629371356,161.44676
151,0.0028512779458455843,162.05132
152,0.0028700982623198128,162.15631
153,0.0028889185787940408,162.38875
154,0.0029077388952682692,162.66304
155,0.0029265592117424973,162.89888
156,0.0029453795282167257,163.3626
157,0.0029641998446909537,163.69437
158,0.002983020161165182,163.91145
159,0.00300184047763941,164.52676
160,0.003020660794113639,164.9729
161,0.003039481110587867,165.53424
162,0.0030583014270620956,166.05823
163,0.0030771217435363236,166.18677
164,0.003095942060010552,166.5175
165,0.00311476237648478,167.15192
166,0.0031335826929590085,168.46796
167,0.0031524030094332365,170.73189
168,0.0031712233259074646,174.17291
169,0.003190043642381693,179.69466
170,0.003208863958855922,188.65335
171,0.00322768427533015,199.828
172,0.0032465045918043784,212.45001
173,0.0032653249082786064,220.2318
174,0.0032841452247528344,218.43723
175,0.003302965541227063,208.17033
176,0.003321785857701291,193.61455
177,0.0033406061741755194,183.56844
178,0.0033594264906497474,178.64319
179,0.0033782468071239763,176.45201
180,0.0033970671235982043,176.00607
181,0.0034158874400724328,176.30054
182,0.0034347077565466608,176.3823
183,0.0034535280730208892,176.78598
184,0.0034723483894951172,177.5505
185,0.0034911687059693457,178.24321
186,0.0035099890224435737,179.00494
187,0.003528809338917802,179.5956
188,0.0035476296553920306,180.35782
189,0.003566449971866259,181.22012
190,0.003585270288340487,182.17558
191,0.0036040906048147156,183.37312
192,0.0036229109212889436,184.3696
193,0.003641731237763172,185.1418
194,0.0036605515542374,186.09108
195,0.003679371870711628,187.15924
196,0.0036981921871858565,188.15437
197,0.0037170125036600854,189.18552
198,0.0037358328201343135,190.3266
199,0.0037546531366085415,191.96104
200,0.00377347345308277,193.87927
201,0.003792293769556998,195.6067
202,0.0038111140860312264,196.80194
203,0.0038299344025054544,197.74617
204,0.003848754718979683,198.55794
205,0.003867575035453911,199.58824
206,0.00388639535192814,200.9934
207,0.003905215668402368,202.52843
208,0.003924035984876596,203.95898
209,0.003942856301350824,205.0936
210,0.003961676617825052,206.3909
211,0.003980496934299281,207.69487
212,0.003999317250773509,209.22696
213,0.004018137567247737,210.74295
214,0.004036957883721965,211.89706
215,0.004055778200196194,213.30504
216,0.004074598516670422,214.5435
217,0.004093418833144651,215.63464
218,0.004112239149618879,216.85716
219,0.004131059466093107,217.7828
220,0.004149879782567335,219.05031
221,0.004168700099041564,220.70978
222,0.004187520415515792,222.40367
223,0.00420634073199002,224.15103
224,0.004225161048464248,224.99335
225,0.004243981364938477,225.63681
226,0.004262801681412705,226.32254
227,0.004281621997886933,227.02486
228,0.004300442314361162,228.11185
229,0.00431926263083539,229.31285
230,0.004338082947309618,230.7543
231,0.004356903263783846,232.36394
232,0.004375723580258075,233.62392
233,0.004394543896732303,234.58789
234,0.004413364213206532,235.58377
235,0.00443218452968076,236.52048
236,0.004451004846154988,237.7527
237,0.004469825162629216,239.10205
238,0.004488645479103445,240.35966
239,0.004507465795577673,242.0121
240,0.004526286112051901,243.91222
241,0.004545106428526129,246.28793
242,0.004563926745000358,249.7312
243,0.004582747061474586,254.4251
244,0.004601567377948814,260.9179
245,0.004620387694423043,269.00772
246,0.00463920801089727,275.40936
247,0.004658028327371499,277.03525
248,0.0046768486438457275,273.94257
249,0.0046956689603199556,267.9119
250,0.0047144892767941845,262.1552
251,0.004733309593268412,259.2513
252,0.0047521299097426405,258.46628
253,0.0047709502262168685,258.38715
254,0.0047897705426910965,258.7699
255,0.0048085908591653246,259.72238
256,0.0048274111756395535,260.51498
257,0.004846231492113782,261.2869
258,0.0048650518085880095,262.01202
259,0.004883872125062238,262.2734
260,0.004902692441536466,262.283
261,0.004921512758010695,262.89636
262,0.0049403330744849224,263.80704
263,0.004959153390959151,264.81702
264,0.004977973707433379,265.93118
265,0.004996794023907608,266.934
266,0.005015614340381836,267.91504
267,0.005034434656856064,268.77524
268,0.005053254973330293,269.4997
269,0.005072075289804521,269.86633
270,0.005090895606278749,270.4595
271,0.005109715922752977,271.4332
272,0.005128536239227206,272.41266
273,0.005147356555701433,273.3762
274,0.005166176872175662,274.45352
275,0.005184997188649891,275.02887
276,0.005203817505124119,275.30664
277,0.005222637821598348,275.84882
278,0.005241458138072575,276.7526
279,0.005260278454546804,277.8071
280,0.005279098771021032,278.74686
281,0.00529791908749526,279.7328
282,0.005316739403969488,280.5811
283,0.005335559720443717,281.31232
284,0.005354380036917946,281.78406
285,0.005373200353392173,282.34875
286,0.005392020669866402,283.04077
287,0.00541084098634063,283.46704
288,0.005429661302814859,283.8455
289,0.005448481619289086,284.47916
290,0.005467301935763315,285.21692
291,0.005486122252237543,286.06064
292,0.005504942568711772,286.5981
293,0.005523762885186,287.0206
294,0.005542583201660228,287.82584
295,0.005561403518134457,288.51712
296,0.005580223834608685,289.195
297,0.005599044151082913,289.64594
298,0.005617864467557141,289.92145
299,0.00563668478403137,290.20206
300,0.005655505100505597,290.88614
301,0.005674325416979826,291.18015
302,0.005693145733454055,291.81155
303,0.005711966049928283,292.4706
304,0.0057307863664025115,293.2517
305,0.005749606682876739,294.14264
306,0.0057684269993509675,294.70276
307,0.0057872473158251956,295.38898
308,0.005806067632299424,295.70975
309,0.005824887948773652,295.84378
310,0.0058437082652478805,296.15497
311,0.005862528581722109,296.6915
312,0.0058813488981963365,297.26126
313,0.005900169214670565,297.9677
314,0.0059189895311447934,298.6034
315,0.005937809847619022,298.90778
316,0.0059566301640932495,299.46872
317,0.005975450480567478,299.6343
318,0.005994270797041706,299.82773
319,0.006013091113515935,300.11984
320,0.006031911429990163,300.0136
321,0.006050731746464391,300.2518
322,0.00606955206293862,300.42618
323,0.006088372379412848,300.66428
324,0.006107192695887076,301.25668
325,0.006126013012361304,302.04355
326,0.006144833328835533,302.98056
327,0.00616365364530976,303.066
328,0.006182473961783989,302.94144
329,0.006201294278258217,303.38486
330,0.006220114594732446,303.78842
331,0.006238934911206675,304.43954
332,0.006257755227680902,305.1064
333,0.006276575544155131,305.49734
334,0.006295395860629359,305.70453
335,0.006314216177103587,306.1047
336,0.006333036493577815,306.69858
337,0.006351856810052044,307.35477
338,0.006370677126526272,308.55664
339,0.0063894974430005,310.4581
340,0.006408317759474729,314.63412
341,0.006427138075948957,322.84485
342,0.006445958392423186,337.56448
343,0.006464778708897413,364.91214
344,0.006483599025371642,413.77658
345,0.00650241934184587,497.4455
346,0.006521239658320099,625.6542
347,0.006540059974794326,768.53577
348,0.006558880291268555,845.1968
349,0.006577700607742784,829.57245
350,0.006596520924217011,715.3875
351,0.00661534124069124,569.07556
352,0.006634161557165468,464.05026
353,0.006652981873639697,398.17688
354,0.006671802190113924,359.8084
355,0.006690622506588153,337.6995
356,0.006709442823062381,324.62915
357,0.00672826313953661,317.23898
358,0.0067470834560108385,313.48676
359,0.006765903772485066,311.50455
360,0.006784724088959295,310.68683
361,0.006803544405433523,310.5547
362,0.006822364721907751,310.7473
363,0.006841185038381979,310.4048
364,0.0068600053548562075,309.94055
365,0.0068788256713304356,309.50623
366,0.006897645987804664,309.1745
367,0.0069164663042788925,309.31958
368,0.0069352866207531205,309.46326
369,0.006954106937227349,309.80377
370,0.0069729272537015765,310.30627
371,0.006991747570175805,310.51358
372,0.0070105678866500334,310.76865
373,0.007029388203124262,311.0938
374,0.0070482085195984895,311.35086
375,0.007067028836072718,311.5484
376,0.007085849152546947,311.55673
377,0.007104669469021174,311.47632
378,0.007123489785495403,311.71085
379,0.007142310101969631,311.92667
380,0.00716113041844386,312.2706
381,0.007179950734918087,312.52084
382,0.007198771051392316,312.83524
383,0.007217591367866544,312.84344
384,0.007236411684340773,312.8366
385,0.007255232000815002,313.22095
386,0.007274052317289229,313.2127
387,0.007292872633763458,313.4102
388,0.007311692950237686,313.80582
389,0.007330513266711914,313.97012
390,0.007349333583186142,314.13397
391,0.007368153899660371,314.16754
392,0.007386974216134599,314.11108
393,0.007405794532608827,314.0945
394,0.007424614849083056,314.4221
395,0.007443435165557284,314.73624
396,0.007462255482031513,314.90115
397,0.00748107579850574,314.90433
398,0.007499896114979969,315.3074
399,0.007518716431454197,315.87048
400,0.007537536747928426,316.14645
401,0.007556357064402653,316.22986
402,0.007575177380876882,316.0735
403,0.007593997697351111,316.14566
404,0.007612818013825338,316.34073
405,0.007631638330299567,316.77853
406,0.007650458646773795,317.01764
407,0.007669278963248024,317.1622
408,0.007688099279722251,317.34528
409,0.00770691959619648,317.69635
410,0.007725739912670708,318.1285
411,0.007744560229144937,318.40448
412,0.007763380545619165,319.33582
413,0.007782200862093393,320.20102
414,0.007801021178567622,320.51517
415,0.007819841495041849,320.98578
416,0.007838661811516079,322.2626
417,0.007857482127990307,325.04016
418,0.007876302444464535,330.86203
419,0.007895122760938763,341.53424
420,0.00791394307741299,359.7276
421,0.00793276339388722,390.0497
422,0.007951583710361447,438.2267
423,0.007970404026835676,504.50217
424,0.007989224343309904,573.23914
425,0.008008044659784132,610.34326
426,0.00802686497625836,610.30273
427,0.008045685292732589,571.9026
428,0.008064505609206817,520.0628
429,0.008083325925681046,473.93585
430,0.008102146242155274,435.74368
431,0.008120966558629502,404.48337
432,0.00813978687510373,377.00778
433,0.008158607191577958,355.96442
434,0.008177427508052186,343.06454
435,0.008196247824526414,335.81708
436,0.008215068141000644,331.91486
437,0.00823388845747487,329.70135
438,0.0082527087739491,328.32135
439,0.008271529090423328,327.31476
440,0.008290349406897556,326.66156
441,0.008309169723371784,326.08313
442,0.008327990039846012,326.02878
443,0.008346810356320242,326.4198
444,0.00836563067279447,326.83752
445,0.008384450989268698,327.35257
446,0.008403271305742926,327.77698
447,0.008422091622217154,327.84415
448,0.008440911938691382,328.299
449,0.00845973225516561,328.69885
450,0.00847855257163984,328.75726
451,0.008497372888114068,329.03033
452,0.008516193204588296,329.28375
453,0.008535013521062524,329.5677
454,0.008553833837536752,330.0105
455,0.00857265415401098,330.43884
456,0.00859147447048521,330.99353
457,0.008610294786959436,331.51688
458,0.008629115103433666,331.8215
459,0.008647935419907894,332.2759
460,0.008666755736382122,332.73846
461,0.00868557605285635,332.93933
462,0.008704396369330578,333.2594
463,0.008723216685804808,333.61813
464,0.008742037002279034,334.00616
465,0.008760857318753264,334.37466
466,0.008779677635227492,334.58173
467,0.00879849795170172,334.94803
468,0.008817318268175948,335.17514
469,0.008836138584650176,335.0753
470,0.008854958901124406,334.9029
471,0.008873779217598634,334.96457
472,0.008892599534072862,335.6172
473,0.00891141985054709,336.51306
474,0.008930240167021318,337.35776
475,0.008949060483495546,337.85538
476,0.008967880799969774,338.42242
477,0.008986701116444003,339.08667
478,0.009005521432918231,339.92218
479,0.00902434174939246,340.72473
480,0.009043162065866688,341.53616
481,0.009061982382340916,342.6775
482,0.009080802698815144,343.935
483,0.009099623015289372,345.82523
484,0.0091184433317636,348.758
485,0.00913726364823783,353.83704
486,0.009156083964712057,362.90375
487,0.009174904281186287,378.14554
488,0.009193724597660513,402.09338
489,0.009212544914134741,438.01205
490,0.009231365230608971,487.7138
491,0.0092501855470832,553.38806
492,0.009269005863557426,635.02423
493,0.009287826180031655,703.51154
494,0.009306646496505883,727.2871
495,0.009325466812980111,710.2788
496,0.009344287129454341,665.51587
497,0.009363107445928567,621.4276
498,0.009381927762402797,580.3949
499,0.009400748078877025,534.28815
500,0.009419568395351253,488.5287
501,0.009438388711825481,455.47702
502,0.00945720902829971,443.03214
503,0.009476029344773937,448.9127
504,0.009494849661248167,473.34296
505,0.009513669977722395,517.06067
506,0.009532490294196621,565.6306
507,0.009551310610670851,590.2214
508,0.009570130927145079,590.35443
509,0.009588951243619309,569.5013
510,0.009607771560093535,543.44775
511,0.009626591876567763,522.4376
512,0.009645412193041993,509.45517
513,0.009664232509516221,512.1242
514,0.00968305282599045,539.17914
515,0.009701873142464677,604.7455
516,0.009720693458938905,699.41815
517,0.009739513775413135,763.3046
518,0.009758334091887363,768.76434
519,0.009777154408361589,711.3627
520,0.009795974724835819,608.75635
521,0.009814795041310047,522.50104
522,0.009833615357784275,464.9735
523,0.009852435674258505,428.61636
524,0.009871255990732731,405.2451
525,0.00989007630720696,390.2938
526,0.009908896623681189,380.84854
527,0.009927716940155417,374.713
528,0.009946537256629645,371.28293
529,0.009965357573103873,369.64368
530,0.0099841778895781,368.95703
531,0.01000299820605233,368.86377
532,0.010021818522526559,369.098
533,0.010040638839000785,369.4529
534,0.010059459155475015,369.94348
535,0.010078279471949243,370.4543
536,0.010097099788423472,370.81732
537,0.010115920104897699,371.36453
538,0.010134740421371927,372.07486
539,0.010153560737846156,372.8129
540,0.010172381054320384,373.87955
541,0.010191201370794614,375.0753
542,0.01021002168726884,376.19907
543,0.010228842003743068,377.2401
544,0.010247662320217298,378.20007
545,0.010266482636691526,380.00024
546,0.010285302953165753,382.9771
547,0.010304123269639982,387.83533
548,0.01032294358611421,396.48416
549,0.010341763902588438,411.3147
550,0.010360584219062668,436.0345
551,0.010379404535536894,475.70892
552,0.010398224852011124,537.4136
553,0.010417045168485352,621.631
554,0.01043586548495958,699.5066
555,0.010454685801433808,729.47943
556,0.010473506117908036,716.18176
557,0.010492326434382264,657.59436
558,0.010511146750856494,588.26135
559,0.010529967067330722,531.1444
560,0.010548787383804948,483.0647
561,0.010567607700279178,451.5422
562,0.010586428016753406,436.51758
563,0.010605248333227636,437.1629
564,0.010624068649701862,452.00403
565,0.01064288896617609,480.6398
566,0.01066170928265032,529.6781
567,0.010680529599124548,604.7948
568,0.010699349915598778,690.10956
569,0.010718170232073004,733.4675
570,0.010736990548547232,706.45
571,0.010755810865021462,625.07495
572,0.01077463118149569,546.44867
573,0.010793451497969916,493.41144
574,0.010812271814444146,459.65164
575,0.010831092130918374,439.81647
576,0.010849912447392602,428.76837
577,0.010868732763866832,422.61185
578,0.010887553080341058,420.10632
579,0.010906373396815288,420.22556
580,0.010925193713289516,421.9868
581,0.010944014029763744,425.5056
582,0.010962834346237972,430.40652
583,0.0109816546627122,435.87027
584,0.011000474979186428,442.20258
585,0.011019295295660658,451.00104
586,0.011038115612134886,465.7572
587,0.011056935928609112,493.06543
588,0.011075756245083342,540.2573
589,0.01109457656155757,617.30786
590,0.0111133968780318,731.4057
591,0.011132217194506026,861.8587
592,0.011151037510980254,940.23376
593,0.011169857827454483,946.52386
594,0.011188678143928711,878.897
595,0.011207498460402941,759.6386
596,0.011226318776877168,653.1262
597,0.011245139093351396,579.90356
598,0.011263959409825625,535.35077
599,0.011282779726299853,514.86206
600,0.01130160004277408,510.92877
601,0.01132042035924831,516.0786
602,0.011339240675722537,522.1349
603,0.011358060992196765,523.4941
604,0.011376881308670995,520.04565
605,0.011395701625145221,517.1273
606,0.011414521941619451,518.87524
607,0.01143334225809368,521.14166
608,0.011452162574567907,513.9277
609,0.011470982891042135,495.57806
610,0.011489803207516363,478.44324
611,0.011508623523990591,466.8358
612,0.011527443840464821,459.88116
613,0.011546264156939049,455.7438
614,0.011565084473413275,453.78116
615,0.011583904789887505,453.17657
616,0.011602725106361733,453.12262
617,0.011621545422835963,453.39725
618,0.01164036573931019,453.74255
619,0.011659186055784417,454.157
620,0.011678006372258647,454.61105
621,0.011696826688732875,455.3433
622,0.011715647005207105,456.03375
623,0.011734467321681331,456.64523
624,0.011753287638155559,457.17438
625,0.011772107954629789,457.72412
626,0.011790928271104017,458.5023
627,0.011809748587578243,459.35223
628,0.011828568904052473,460.4024
629,0.011847389220526701,461.99445
630,0.011866209537000929,465.07584
631,0.011885029853475159,470.54135
632,0.011903850169949385,480.58313
633,0.011922670486423615,497.92538
634,0.011941490802897843,524.8782
635,0.01196031111937207,565.5809
636,0.011979131435846299,624.18
637,0.011997951752320527,701.03265
638,0.012016772068794755,773.3682
639,0.012035592385268985,801.42804
640,0.012054412701743213,785.14197
641,0.012073233018217439,719.379
642,0.012092053334691669,643.78546
643,0.012110873651165897,587.98035
644,0.012129693967640126,554.36725
645,0.012148514284114353,541.0632
646,0.01216733460058858,545.1493
647,0.01218615491706281,565.0212
648,0.012204975233537039,593.5681
649,0.012223795550011265,613.85815
650,0.012242615866485495,615.7756
651,0.012261436182959723,598.09125
652,0.012280256499433952,566.8537
653,0.01229907681590818,536.1004
654,0.012317897132382407,510.8566
655,0.012336717448856636,491.197
656,0.012355537765330864,477.62164
657,0.012374358081805092,469.28833
658,0.01239317839827932,464.52994
659,0.012411998714753548,462.07684
660,0.012430819031227778,460.4587
661,0.012449639347702006,459.09912
662,0.012468459664176234,457.74753
663,0.012487279980650462,456.7624
664,0.01250610029712469,456.2653
665,0.012524920613598918,456.1054
666,0.012543740930073148,456.49356
667,0.012562561246547374,457.94885
668,0.012581381563021602,461.05975
669,0.012600201879495832,467.51163
670,0.01261902219597006,478.80637
671,0.01263784251244429,497.30276
672,0.012656662828918516,525.3805
673,0.012675483145392744,566.6444
674,0.012694303461866974,614.3358
675,0.012713123778341202,649.36426
676,0.012731944094815428,659.41187
677,0.012750764411289658,646.0404
678,0.012769584727763886,610.97705
679,0.012788405044238116,574.9618
680,0.012807225360712344,548.6538
681,0.01282604567718657,529.51184
682,0.0128448659936608,512.7482
683,0.012863686310135028,498.3241
684,0.012882506626609256,489.69604
685,0.012901326943083484,490.50836
686,0.012920147259557712,502.14926
687,0.01293896757603194,524.856
688,0.01295778789250617,557.4
689,0.012976608208980398,589.74786
690,0.012995428525454626,605.961
691,0.013014248841928854,602.4339
692,0.013033069158403082,577.1753
693,0.013051889474877312,538.9647
694,0.013070709791351538,505.52466
695,0.013089530107825766,481.25607
696,0.013108350424299996,465.7369
697,0.013127170740774224,457.00037
698,0.013145991057248453,454.30896
699,0.01316481137372268,457.9354
700,0.013183631690196908,469.59045
701,0.013202452006671138,489.95825
702,0.013221272323145366,506.5648
703,0.013240092639619592,506.51413
704,0.013258912956093822,492.434
705,0.01327773327256805,475.26447
706,0.01329655358904228,469.98346
707,0.013315373905516507,474.64685
708,0.013334194221990734,490.89798
709,0.013353014538464963,517.77905
710,0.013371834854939191,536.17834
711,0.01339065517141342,534.6605
712,0.013409475487887648,512.48346
713,0.013428295804361876,480.40244
714,0.013447116120836104,455.8544
715,0.013465936437310333,440.47183
716,0.013484756753784561,431.65656
717,0.01350357707025879,426.25464
718,0.013522397386733017,422.42896
719,0.013541217703207245,419.89285
720,0.013560038019681475,418.19592
721,0.013578858336155701,417.13116
722,0.01359767865262993,416.5577
723,0.01361649896910416,415.9617
724,0.013635319285578387,415.62717
725,0.013654139602052617,415.66965
726,0.013672959918526843,415.5739
727,0.013691780235001071,415.565
728,0.013710600551475301,415.9791
729,0.013729420867949529,417.28482
730,0.013748241184423755,420.49698
731,0.013767061500897985,427.69943
732,0.013785881817372213,441.01678
733,0.013804702133846443,461.5523
734,0.013823522450320671,479.65152
735,0.013842342766794897,485.1007
736,0.013861163083269127,477.67746
737,0.013879983399743355,469.11774
738,0.013898803716217583,472.52567
739,0.013917624032691811,485.44373
740,0.013936444349166039,507.79495
741,0.013955264665640267,537.4294
742,0.013974084982114497,567.4195
743,0.013992905298588725,593.17914
744,0.014011725615062953,609.51984
745,0.014030545931537181,612.09937
746,0.014049366248011409,598.4647
747,0.014068186564485639,567.3908
748,0.014087006880959865,527.8518
749,0.014105827197434093,490.3047
750,0.014124647513908323,459.88486
751,0.01414346783038255,437.08206
752,0.01416228814685678,420.7733
753,0.014181108463331007,410.4386
754,0.014199928779805235,404.61404
755,0.014218749096279465,401.96442
756,0.014237569412753693,401.583
757,0.014256389729227919,402.8741
758,0.014275210045702149,405.25345
759,0.014294030362176377,407.69012
760,0.014312850678650606,408.63998
761,0.014331670995124834,407.5192
762,0.01435049131159906,404.8277
763,0.01436931162807329,402.17847
764,0.014388131944547519,401.71246
765,0.014406952261021747,405.27243
766,0.014425772577495975,414.3594
767,0.014444592893970203,431.99597
768,0.01446341321044443,460.729
769,0.01448223352691866,504.61203
770,0.014501053843392888,565.048
771,0.014519874159867116,633.74603
772,0.014538694476341344,684.4848
773,0.014557514792815572,702.34546
774,0.014576335109289802,687.1637
775,0.014595155425764028,638.75806
776,0.014613975742238257,574.8478
777,0.014632796058712486,517.24927
778,0.014651616375186714,472.83432
779,0.014670436691660944,442.6933
780,0.01468925700813517,424.0627
781,0.014708077324609398,414.62338
782,0.014726897641083628,410.24054
783,0.014745717957557856,406.049
784,0.014764538274032082,401.03668
785,0.014783358590506312,396.9757
786,0.01480217890698054,396.79938
787,0.01482099922345477,402.10788
788,0.014839819539928998,413.15408
789,0.014858639856403224,428.12573
790,0.014877460172877454,443.57248
791,0.014896280489351682,453.13785
792,0.01491510080582591,453.02682
793,0.014933921122300138,442.74878
794,0.014952741438774366,425.41772
795,0.014971561755248594,406.48724
796,0.014990382071722824,390.36154
797,0.015009202388197052,378.47372
798,0.01502802270467128,370.19095
799,0.015046843021145508,364.36307
800,0.015065663337619736,360.37326
801,0.015084483654093966,357.65182
802,0.015103303970568192,355.57535
803,0.01512212428704242,354.12408
804,0.01514094460351665,353.2804
805,0.015159764919990878,352.31213
806,0.015178585236465108,351.3335
807,0.015197405552939334,350.55814
808,0.015216225869413562,349.78043
809,0.015235046185887792,349.06213
810,0.01525386650236202,348.48996
811,0.015272686818836246,348.132
812,0.015291507135310476,348.34836
813,0.015310327451784704,349.13626
814,0.015329147768258933,350.604
815,0.015347968084733161,353.42828
816,0.015366788401207388,358.61008
817,0.015385608717681618,367.10397
818,0.015404429034155846,380.23602
819,0.015423249350630074,399.22726
820,0.015442069667104302,424.58975
821,0.01546088998357853,452.33655
822,0.015479710300052758,473.0614
823,0.015498530616526987,480.01782
824,0.015517350933001215,471.4927
825,0.015536171249475443,448.09006
826,0.015554991565949671,418.89255
827,0.0155738118824239,393.0556
828,0.01559263219889813,373.41818
829,0.015611452515372356,360.12634
830,0.015630272831846585,351.74677
831,0.015649093148320813,347.35477
832,0.01566791346479504,346.17084
833,0.01568673378126927,348.36108
834,0.015705554097743497,354.67972
835,0.015724374414217725,365.48978
836,0.015743194730691953,381.1854
837,0.015762015047166185,401.1659
838,0.01578083536364041,422.5286
839,0.015799655680114637,439.95013
840,0.01581847599658887,448.3853
841,0.015837296313063097,445.0303
842,0.015856116629537325,431.0954
843,0.015874936946011553,415.67795
844,0.01589375726248578,406.83524
845,0.01591257757896001,408.7793
846,0.015931397895434237,421.787
847,0.015950218211908465,441.4437
848,0.015969038528382693,457.7572
849,0.01598785884485692,463.45895
850,0.01600667916133115,456.1177
851,0.01602549947780538,438.33746
852,0.016044319794279605,419.39694
853,0.016063140110753833,406.78098
854,0.016081960427228065,404.50552
855,0.016100780743702293,414.17456
856,0.016119601060176517,435.57022
857,0.01613842137665075,466.1566
858,0.016157241693124977,499.8391
859,0.016176062009599205,526.722
860,0.016194882326073433,535.263
861,0.01621370264254766,520.7116
862,0.01623252295902189,481.70346
863,0.016251343275496117,436.95264
864,0.01627016359197035,400.56036
865,0.016288983908444573,375.77493
866,0.0163078042249188,362.58444
867,0.016326624541393032,359.05563
868,0.01634544485786726,363.29556
869,0.01636426517434149,373.36798
870,0.016383085490815717,385.02048
871,0.016401905807289945,396.13184
872,0.016420726123764173,408.54102
873,0.0164395464402384,418.39926
874,0.01645836675671263,420.23267
875,0.016477187073186857,412.6332
876,0.016496007389661085,397.75204
877,0.016514827706135313,384.0039
878,0.016533648022609544,375.89594
879,0.01655246833908377,375.2233
880,0.016571288655557997,382.2804
881,0.016590108972032228,394.5975
882,0.016608929288506456,404.13104
883,0.01662774960498068,406.99347
884,0.016646569921454912,402.55185
885,0.01666539023792914,394.9204
886,0.01668421055440337,388.73148
887,0.016703030870877596,384.67322
888,0.016721851187351824,380.21213
889,0.016740671503826052,372.34375
890,0.01675949182030028,361.75668
891,0.016778312136774512,351.93024
892,0.016797132453248736,345.17776
893,0.016815952769722965,342.3311
894,0.016834773086197196,342.63205
895,0.016853593402671424,344.49292
896,0.01687241371914565,347.3263
897,0.01689123403561988,351.67932
898,0.016910054352094108,358.21646
899,0.016928874668568336,366.7363
900,0.016947694985042564,375.48825
901,0.016966515301516792,383.33273
902,0.01698533561799102,386.57523
903,0.017004155934465248,380.88324
904,0.017022976250939476,369.8891
905,0.017041796567413704,361.7293
906,0.017060616883887932,363.51257
907,0.01707943720036216,375.89948
908,0.017098257516836392,398.68588
909,0.01711707783331062,425.3574
910,0.017135898149784844,443.9207
911,0.017154718466259076,449.32416
912,0.017173538782733304,439.3384
913,0.017192359099207532,416.3873
914,0.01721117941568176,390.24466
915,0.017229999732155988,371.22485
916,0.017248820048630216,363.4125
917,0.017267640365104444,362.63934
918,0.017286460681578675,362.4343
919,0.0173052809980529,358.38257
920,0.017324101314527128,349.43192
921,0.01734292163100136,338.0377
922,0.017361741947475588,327.18143
923,0.017380562263949812,318.3949
924,0.017399382580424044,312.4267
925,0.01741820289689827,308.98196
926,0.0174370232133725,307.33643
927,0.017455843529846728,306.79376
928,0.017474663846320956,306.79987
929,0.017493484162795184,306.842
930,0.01751230447926941,306.96307
931,0.01753112479574364,307.16254
932,0.017549945112217868,307.60114
933,0.017568765428692096,308.24844
934,0.017587585745166324,308.86032
935,0.017606406061640555,309.41714
936,0.017625226378114783,310.15607
937,0.017644046694589008,311.79672
938,0.01766286701106324,313.40396
939,0.017681687327537467,313.4972
940,0.017700507644011695,311.91418
941,0.017719327960485923,309.30798
942,0.01773814827696015,306.68106
943,0.01775696859343438,304.5115
944,0.017775788909908607,302.6192
945,0.01779460922638284,300.9006
946,0.017813429542857064,299.49075
947,0.01783224985933129,298.33673
948,0.017851070175805523,297.59332
949,0.01786989049227975,297.29062
950,0.017888710808753976,297.26685
951,0.017907531125228207,297.2525
952,0.017926351441702435,297.29794
953,0.017945171758176663,297.28503
954,0.01796399207465089,297.23703
955,0.01798281239112512,297.26672
956,0.018001632707599347,297.14084
957,0.018020453024073575,297.06323
958,0.018039273340547803,297.17218
959,0.01805809365702203,297.19632
960,0.01807691397349626,297.24997
961,0.018095734289970487,297.47818
962,0.01811455460644472,297.6592
963,0.018133374922918947,297.98087
964,0.01815219523939317,298.43353
965,0.018171015555867403,298.95078
966,0.01818983587234163,299.9034
967,0.01820865618881586,301.8583
968,0.018227476505290087,304.91376
969,0.018246296821764315,309.50793
970,0.018265117138238543,315.39893
971,0.01828393745471277,321.79175
972,0.018302757771187003,328.92938
973,0.01832157808766123,336.81
974,0.01834039840413546,345.53876
975,0.018359218720609683,353.1179
976,0.01837803903708391,357.02505
977,0.01839685935355814,354.57547
978,0.01841567967003237,346.64453
979,0.0184344999865066,338.36548
980,0.018453320302980827,334.4654
981,0.018472140619455055,335.71103
982,0.018490960935929283,345.2271
983,0.018509781252403514,364.41177
984,0.01852860156887774,393.90927
985,0.018547421885351967,432.54974
986,0.018566242201826195,472.5925
987,0.018585062518300423,511.16382
988,0.01860388283477465,552.96783
989,0.018622703151248882,607.1606
990,0.01864152346772311,677.76337
991,0.01866034378419734,736.1564
992,0.018679164100671566,754.4354
993,0.01869798441714579,754.3768
994,0.018716804733620022,774.3801
995,0.01873562505009425,867.3631
996,0.01875444536656848,1062.8623
997,0.018773265683042707,1294.1727
998,0.018792085999516935,1427.784
999,0.018810906315991166,1432.3007
1000,0.018829726632465394,1288.5792
1001,0.018848546948939622,1060.4508
1002,0.018867367265413847,837.29694
1003,0.018886187581888075,660.2851
1004,0.018905007898362303,536.2236
1005,0.018923828214836534,458.4994
1006,0.018942648531310762,413.604
1007,0.01896146884778499,391.91772
1008,0.018980289164259218,385.7809
1009,0.018999109480733446,387.47925
1010,0.019017929797207678,386.71906
1011,0.019036750113681902,379.67133
1012,0.01905557043015613,369.69202
1013,0.01907439074663036,358.9502
1014,0.019093211063104586,347.41953
1015,0.019112031379578814,336.78757
1016,0.019130851696053046,328.36487
1017,0.019149672012527274,323.08292
1018,0.019168492329001502,321.7325
1019,0.01918731264547573,324.1507
1020,0.019206132961949954,329.84253
1021,0.019224953278424186,337.75952
1022,0.019243773594898414,346.48004
1023,0.019262593911372642,354.40924
1024,0.01928141422784687,359.0557
1025,0.019300234544321098,358.8527
1026,0.01931905486079533,353.80627
1027,0.019337875177269558,345.91125
1028,0.019356695493743786,339.1101
1029,0.01937551581021801,336.51315
1030,0.019394336126692238,338.74164
1031,0.019413156443166466,345.06268
1032,0.019431976759640698,352.80948
1033,0.019450797076114926,358.82703
1034,0.019469617392589154,360.3403
1035,0.019488437709063382,354.9069
1036,0.01950725802553761,344.90527
1037,0.01952607834201184,334.4138
1038,0.019544898658486066,327.0677
1039,0.019563718974960294,323.77637
1040,0.019582539291434522,322.47055
1041,0.01960135960790875,320.88235
1042,0.019620179924382978,319.1318
1043,0.01963900024085721,318.11404
1044,0.019657820557331437,319.22586
1045,0.019676640873805665,324.56955
1046,0.019695461190279893,336.0085
1047,0.019714281506754118,354.8435
1048,0.01973310182322835,382.18713
1049,0.019751922139702578,416.12967
1050,0.019770742456176806,447.97302
1051,0.019789562772651034,466.9631
1052,0.01980838308912526,468.92874
1053,0.019827203405599493,451.6165
1054,0.01984602372207372,421.35272
1055,0.01986484403854795,387.8008
1056,0.019883664355022174,357.73993
1057,0.0199024846714964,335.55783
1058,0.01992130498797063,321.83447
1059,0.01994012530444486,314.99634
1060,0.01995894562091909,312.9294
1061,0.019977765937393317,313.04645
1062,0.019996586253867545,313.72302
1063,0.020015406570341773,314.41656
1064,0.020034226886816005,315.1555
1065,0.02005304720329023,316.1692
1066,0.020071867519764457,316.1195
1067,0.020090687836238685,313.77576
1068,0.020109508152712913,309.49905
1069,0.02012832846918714,304.17206
1070,0.020147148785661373,298.61374
1071,0.0201659691021356,293.45944
1072,0.02018478941860983,288.8902
1073,0.020203609735084057,284.95966
1074,0.02022243005155828,282.02042
1075,0.020241250368032513,280.03363
1076,0.02026007068450674,279.40002
1077,0.02027889100098097,279.77145
1078,0.020297711317455197,280.70773
1079,0.020316531633929425,281.7077
1080,0.020335351950403657,281.96246
1081,0.020354172266877885,281.30768
1082,0.020372992583352113,279.49762
1083,0.020391812899826337,277.04388
1084,0.020410633216300565,274.47598
1085,0.020429453532774793,272.0528
1086,0.020448273849249025,270.30276
1087,0.020467094165723253,268.96176
1088,0.02048591448219748,267.92227
1089,0.02050473479867171,267.34708
1090,0.020523555115145937,267.28894
1091,0.02054237543162017,267.85703
1092,0.020561195748094393,269.2303
1093,0.02058001606456862,272.28778
1094,0.02059883638104285,277.27533
1095,0.020617656697517077,281.27612
1096,0.020636477013991305,284.1681
1097,0.020655297330465536,286.28558
1098,0.020674117646939764,290.19836
1099,0.020692937963413992,296.36862
1100,0.02071175827988822,304.33084
1101,0.020730578596362445,314.59384
1102,0.020749398912836677,327.23422
1103,0.020768219229310905,342.0962
1104,0.020787039545785133,360.0359
1105,0.02080585986225936,381.37012
1106,0.02082468017873359,402.88644
1107,0.02084350049520782,418.4608
1108,0.020862320811682048,424.9026
1109,0.020881141128156276,420.47565
1110,0.0208999614446305,407.60776
1111,0.02091878176110473,391.4134
1112,0.020937602077578957,375.7508
1113,0.020956422394053188,362.19894
1114,0.020975242710527416,350.3737
1115,0.020994063027001644,339.78366
1116,0.021012883343475872,330.17844
1117,0.0210317036599501,322.42938
1118,0.021050523976424332,314.62625
1119,0.021069344292898556,305.82294
1120,0.021088164609372784,295.54858
1121,0.021106984925847012,287.32098
1122,0.02112580524232124,282.11316
1123,0.02114462555879547,280.13605
1124,0.0211634458752697,281.85245
1125,0.021182266191743928,287.2626
1126,0.021201086508218156,295.90543
1127,0.021219906824692384,307.1997
1128,0.02123872714116661,319.11295
1129,0.02125754745764084,328.86694
1130,0.021276367774115068,335.0672
1131,0.021295188090589296,338.71222
1132,0.021314008407063524,342.24518
1133,0.021332828723537752,348.14914
1134,0.021351649040011984,358.56894
1135,0.02137046935648621,373.4023
1136,0.02138928967296044,387.4921
1137,0.021408109989434664,394.76813
1138,0.021426930305908892,391.80643
1139,0.02144575062238312,378.33707
1140,0.021464570938857352,357.64667
1141,0.02148339125533158,334.38318
1142,0.021502211571805808,312.72205
1143,0.021521031888280036,294.95267
1144,0.021539852204754264,281.76273
1145,0.021558672521228495,272.68863
1146,0.02157749283770272,266.87854
1147,0.021596313154176948,263.4545
1148,0.021615133470651176,261.46024
1149,0.021633953787125404,260.37085
1150,0.021652774103599632,259.71103
1151,0.021671594420073863,259.11487
1152,0.02169041473654809,258.8231
1153,0.02170923505302232,258.7732
1154,0.021728055369496548,259.00964
1155,0.021746875685970772,259.4939
1156,0.021765696002445004,260.16266
1157,0.02178451631891923,261.5242
1158,0.02180333663539346,264.54535
1159,0.021822156951867688,270.07556
1160,0.021840977268341916,277.90024
1161,0.021859797584816147,286.36438
1162,0.021878617901290375,291.69354
1163,0.021897438217764603,289.94843
1164,0.021916258534238828,282.51627
1165,0.021935078850713056,273.2379
1166,0.021953899167187284,265.16605
1167,0.021972719483661515,259.1082
1168,0.021991539800135743,254.62622
1169,0.02201036011660997,251.72478
1170,0.0220291804330842,249.81888
1171,0.022048000749558427,248.3678
1172,0.02206682106603266,247.31569
1173,0.022085641382506883,246.59076
1174,0.02210446169898111,246.03946
1175,0.02212328201545534,245.88588
1176,0.022142102331929567,246.07286
1177,0.022160922648403795,246.6881
1178,0.022179742964878027,247.76698
1179,0.022198563281352255,248.69946
1180,0.022217383597826483,248.96832
1181,0.02223620391430071,248.54538
1182,0.022255024230774936,247.75983
1183,0.022273844547249167,247.48723
1184,0.022292664863723395,248.00739
1185,0.022311485180197623,249.54588
1186,0.02233030549667185,252.4111
1187,0.02234912581314608,256.85745
1188,0.02236794612962031,262.7171
1189,0.02238676644609454,268.91574
1190,0.022405586762568767,274.03366
1191,0.02242440707904299,276.32224
1192,0.02244322739551722,274.99966
1193,0.022462047711991447,270.50565
1194,0.02248086802846568,264.48813
1195,0.022499688344939907,258.36053
1196,0.022518508661414135,253.44324
1197,0.022537328977888363,250.86772
1198,0.02255614929436259,251.11198
1199,0.022574969610836822,254.0899
1200,0.022593789927311047,257.18777
1201,0.022612610243785275,257.9935
1202,0.022631430560259503,254.85667
1203,0.02265025087673373,249.96556
1204,0.02266907119320796,245.56734
1205,0.02268789150968219,243.13495
1206,0.02270671182615642,242.21474
1207,0.022725532142630647,241.99529
1208,0.022744352459104875,242.19034
1209,0.0227631727755791,242.62285
1210,0.02278199309205333,243.05852
1211,0.02280081340852756,243.28539
1212,0.022819633725001787,243.02434
1213,0.022838454041476015,242.34633
1214,0.022857274357950243,241.60638
1215,0.022876094674424474,241.14693
1216,0.022894914990898702,241.23802
1217,0.02291373530737293,241.86543
1218,0.022932555623847155,242.085
1219,0.022951375940321383,241.40208
1220,0.02297019625679561,239.91656
1221,0.022989016573269842,238.38446
1222,0.02300783688974407,237.27754
1223,0.0230266572062183,236.60431
1224,0.023045477522692526,236.2751
1225,0.023064297839166754,236.47794
1226,0.023083118155640986,237.16121
1227,0.02310193847211521,238.54973
1228,0.02312075878858944,241.02377
1229,0.023139579105063666,244.23622
1230,0.023158399421537895,248.26227
1231,0.023177219738012123,252.6764
1232,0.023196040054486354,256.34064
1233,0.023214860370960582,258.8647
1234,0.02323368068743481,260.035
1235,0.023252501003909038,260.46875
1236,0.023271321320383263,261.41336
1237,0.02329014163685749,263.4683
1238,0.023308961953331722,266.99835
1239,0.02332778226980595,271.42227
1240,0.023346602586280178,275.84167
1241,0.023365422902754406,279.2254
1242,0.023384243219228638,280.1306
1243,0.023403063535702866,278.1732
1244,0.023421883852177094,273.4003
1245,0.02344070416865132,266.57532
1246,0.023459524485125546,259.45532
1247,0.023478344801599774,253.32016
1248,0.023497165118074006,249.15115
1249,0.023515985434548234,246.9577
1250,0.023534805751022462,246.7212
1251,0.02355362606749669,247.45938
1252,0.023572446383970918,248.10425
1253,0.02359126670044515,247.76413
1254,0.023610087016919374,245.93025
1255,0.023628907333393602,243.19305
1256,0.02364772764986783,240.41103
1257,0.023666547966342058,237.82985
1258,0.023685368282816286,235.76033
1259,0.023704188599290518,234.02678
1260,0.023723008915764746,232.59203
1261,0.023741829232238974,231.60098
1262,0.0237606495487132,231.16745
1263,0.023779469865187426,231.14293
1264,0.023798290181661654,231.43153
1265,0.023817110498135886,231.92212
1266,0.023835930814610114,232.549
1267,0.02385475113108434,233.11876
1268,0.02387357144755857,233.6561
1269,0.0238923917640328,234.1754
1270,0.02391121208050703,234.65176
1271,0.023930032396981257,235.29199
1272,0.023948852713455482,236.16644
1273,0.02396767302992971,237.10786
1274,0.023986493346403938,237.69843
1275,0.02400531366287817,237.8494
1276,0.024024133979352397,237.84406
1277,0.024042954295826625,238.21991
1278,0.024061774612300853,240.10594
1279,0.02408059492877508,244.54453
1280,0.024099415245249313,252.23329
1281,0.024118235561723537,263.42264
1282,0.024137055878197766,277.42194
1283,0.024155876194671994,290.442
1284,0.02417469651114622,298.74118
1285,0.02419351682762045,299.85007
1286,0.02421233714409468,293.66144
1287,0.02423115746056891,282.9954
1288,0.024249977777043137,271.10358
1289,0.02426879809351736,260.0561
1290,0.02428761840999159,251.47874
1291,0.024306438726465818,245.91867
1292,0.02432525904294005,243.12964
1293,0.024344079359414277,242.58246
1294,0.024362899675888505,244.21875
1295,0.024381719992362733,247.3116
1296,0.024400540308836965,250.81444
1297,0.024419360625311193,254.14157
1298,0.024438180941785417,257.06876
1299,0.024457001258259645,258.9699
1300,0.024475821574733873,259.35327
1301,0.0244946418912081,258.4222
1302,0.024513462207682333,257.40225
1303,0.02453228252415656,256.81433
1304,0.02455110284063079,256.61432
1305,0.024569923157105017,256.53397
1306,0.024588743473579245,256.27264
1307,0.02460756379005347,255.36018
1308,0.0246263841065277,253.22803
1309,0.02464520442300193,249.77066
1310,0.024664024739476157,245.46596
1311,0.024682845055950385,241.18895
1312,0.024701665372424613,237.20378
1313,0.024720485688898845,233.96092
1314,0.024739306005373073,231.43236
1315,0.0247581263218473,229.64398
1316,0.024776946638321525,228.78958
1317,0.024795766954795753,228.68828
1318,0.02481458727126998,229.29382
1319,0.024833407587744213,230.0612
1320,0.02485222790421844,231.12302
1321,0.02487104822069267,232.6822
1322,0.024889868537166897,235.17973
1323,0.02490868885364113,238.64119
1324,0.024927509170115356,242.79744
1325,0.02494632948658958,247.48222
1326,0.02496514980306381,252.1542
1327,0.024983970119538037,255.07506
1328,0.025002790436012265,256.1126
1329,0.025021610752486496,255.45316
1330,0.025040431068960724,253.65952
1331,0.025059251385434952,251.49998
1332,0.02507807170190918,249.33722
1333,0.02509689201838341,247.16814
1334,0.025115712334857633,244.98357
1335,0.025134532651331865,242.92154
1336,0.025153352967806093,240.7531
1337,0.02517217328428032,238.80005
1338,0.02519099360075455,237.4856
1339,0.025209813917228777,236.48671
1340,0.025228634233703008,235.57637
1341,0.025247454550177236,234.43962
1342,0.025266274866651464,233.24547
1343,0.02528509518312569,232.43257
1344,0.025303915499599917,232.39906
1345,0.025322735816074145,233.58722
1346,0.025341556132548376,236.09018
1347,0.025360376449022604,239.5255
1348,0.025379196765496832,243.1027
1349,0.02539801708197106,245.84279
1350,0.025416837398445292,248.10976
1351,0.02543565771491952,251.1757
1352,0.025454478031393744,257.04816
1353,0.025473298347867972,268.15204
1354,0.0254921186643422,284.7382
1355,0.02551093898081643,305.60718
1356,0.02552975929729066,327.27362
1357,0.025548579613764888,343.888
1358,0.025567399930239116,351.88434
1359,0.025586220246713344,348.97614
1360,0.025605040563187572,337.5105
1361,0.025623860879661797,322.1947
1362,0.025642681196136028,306.7315
1363,0.025661501512610256,293.84335
1364,0.025680321829084484,284.5942
1365,0.025699142145558712,279.52737
1366,0.02571796246203294,278.36993
1367,0.02573678277850717,281.11472
1368,0.0257556030949814,286.74426
1369,0.025774423411455628,290.86932
1370,0.025793243727929852,289.76837
1371,0.02581206404440408,282.36523
1372,0.02583088436087831,272.0202
1373,0.02584970467735254,260.73557
1374,0.025868524993826768,250.24098
1375,0.025887345310300996,241.973
1376,0.025906165626775224,235.96278
1377,0.025924985943249455,232.09862
1378,0.025943806259723683,230.30795
1379,0.025962626576197908,230.4193
1380,0.025981446892672136,231.80684
1381,0.026000267209146364,233.32178
1382,0.026019087525620592,234.03188
1383,0.026037907842094823,233.77264
1384,0.02605672815856905,233.23381
1385,0.02607554847504328,233.08934
1386,0.026094368791517508,233.6663
1387,0.026113189107991736,235.73766
1388,0.02613200942446596,239.59036
1389,0.02615082974094019,245.45985
1390,0.02616965005741442,251.83075
1391,0.026188470373888648,256.42914
1392,0.026207290690362876,257.54016
1393,0.026226111006837104,256.53427
1394,0.026244931323311335,254.28174
1395,0.026263751639785563,251.3861
1396,0.02628257195625979,248.865
1397,0.026301392272734016,247.1815
1398,0.026320212589208244,248.55794
1399,0.026339032905682472,249.89511
1400,0.026357853222156703,247.47675
1401,0.02637667353863093,241.66655
1402,0.02639549385510516,236.43959
1403,0.026414314171579387,233.44478
1404,0.02643313448805362,231.46863
1405,0.026451954804527847,229.7599
1406,0.02647077512100207,228.4209
1407,0.0264895954374763,227.51501
1408,0.026508415753950527,227.17549
1409,0.026527236070424755,227.4993
1410,0.026546056386898987,228.40689
1411,0.026564876703373215,230.34581
1412,0.026583697019847443,233.39809
1413,0.02660251733632167,237.06584
1414,0.0266213376527959,240.41837
1415,0.026640157969270124,242.84097
1416,0.026658978285744355,243.90561
1417,0.026677798602218583,243.63841
1418,0.02669661891869281,242.96234
1419,0.02671543923516704,242.41437
1420,0.026734259551641267,242.18346
1421,0.0267530798681155,241.98218
1422,0.026771900184589727,240.95097
1423,0.026790720501063955,239.31805
1424,0.02680954081753818,237.44872
1425,0.026828361134012407,236.04163
1426,0.026847181450486635,235.69965
1427,0.026866001766960867,236.56686
1428,0.026884822083435095,238.45276
1429,0.026903642399909323,240.66182
1430,0.02692246271638355,242.26428
1431,0.026941283032857782,242.46767
1432,0.02696010334933201,241.15524
1433,0.026978923665806235,239.06973
1434,0.026997743982280463,236.8217
1435,0.02701656429875469,235.487
1436,0.02703538461522892,236.31064
1437,0.02705420493170315,239.86072
1438,0.02707302524817738,246.72665
1439,0.027091845564651607,255.62427
1440,0.027110665881125835,264.5034
1441,0.027129486197600063,271.70947
1442,0.027148306514074287,275.6441
1443,0.02716712683054852,275.87854
1444,0.027185947147022747,272.81747
1445,0.027204767463496975,267.1874
1446,0.027223587779971203,259.90805
1447,0.02724240809644543,252.77946
1448,0.027261228412919662,246.90894
1449,0.02728004872939389,242.5151
1450,0.027298869045868118,239.76167
1451,0.027317689362342343,238.57648
1452,0.02733650967881657,238.71472
1453,0.0273553299952908,239.87341
1454,0.02737415031176503,241.64673
1455,0.02739297062823926,243.60802
1456,0.027411790944713486,245.29875
1457,0.027430611261187714,246.70369
1458,0.027449431577661942,248.10976
1459,0.027468251894136174,249.86304
1460,0.0274870722106104,252.80235
1461,0.027505892527084626,258.56458
1462,0.027524712843558855,264.08896
1463,0.027543533160033083,262.92996
1464,0.027562353476507314,256.5996
1465,0.027581173792981542,246.80003
1466,0.02759999410945577,237.34355
1467,0.027618814425929998,231.28009
1468,0.027637634742404226,227.59691
1469,0.02765645505887845,225.4053
1470,0.027675275375352682,224.00812
1471,0.02769409569182691,223.321
1472,0.027712916008301138,222.9336
1473,0.027731736324775366,222.94116
1474,0.027750556641249594,223.15637
1475,0.027769376957723826,223.49014
1476,0.027788197274198054,224.22015
1477,0.027807017590672282,225.16624
1478,0.027825837907146506,226.39188
1479,0.027844658223620734,227.99316
1480,0.027863478540094962,229.65646
1481,0.027882298856569194,231.02501
1482,0.027901119173043422,232.2849
1483,0.02791993948951765,233.5936
1484,0.027938759805991878,235.55334
1485,0.027957580122466106,238.15384
1486,0.027976400438940337,240.8605
1487,0.027995220755414562,242.94966
1488,0.02801404107188879,243.8188
1489,0.028032861388363018,243.16289
1490,0.028051681704837246,241.23941
1491,0.028070502021311478,238.82552
1492,0.028089322337785706,236.82118
1493,0.028108142654259934,235.76436
1494,0.02812696297073416,235.86821
1495,0.02814578328720839,236.68683
1496,0.028164603603682614,237.18024
1497,0.028183423920156846,236.82315
1498,0.028202244236631074,236.10841
1499,0.0282210645531053,235.26405
1500,0.02823988486957953,234.2526
1501,0.028258705186053758,233.11525
1502,0.02827752550252799,231.53859
1503,0.028296345819002217,230.0728
1504,0.028315166135476445,228.70831
1505,0.02833398645195067,227.60457
1506,0.028352806768424898,226.84528
1507,0.028371627084899126,226.36235
1508,0.028390447401373357,226.28038
1509,0.028409267717847585,226.63377
1510,0.028428088034321813,227.00893
1511,0.02844690835079604,227.21637
1512,0.02846572866727027,227.62375
1513,0.0284845489837445,228.47842
1514,0.028503369300218726,229.86505
1515,0.028522189616692954,231.63875
1516,0.02854100993316718,233.52248
1517,0.02855983024964141,235.29475
1518,0.02857865056611564,236.87547
1519,0.02859747088258987,238.4505
1520,0.028616291199064097,240.42226
1521,0.028635111515538325,242.9549
1522,0.028653931832012553,246.09193
1523,0.028672752148486778,249.95085
1524,0.02869157246496101,254.22058
1525,0.028710392781435237,258.46945
1526,0.028729213097909465,261.31146
1527,0.028748033414383693,262.10468
1528,0.02876685373085792,260.88174
1529,0.028785674047332153,258.00967
1530,0.02880449436380638,254.3601
1531,0.02882331468028061,250.51128
1532,0.028842134996754833,247.17589
1533,0.02886095531322906,244.34793
1534,0.02887977562970329,241.97195
1535,0.02889859594617752,240.73341
1536,0.02891741626265175,240.61804
1537,0.028936236579125977,241.41377
1538,0.028955056895600205,242.77174
1539,0.028973877212074433,244.8035
1540,0.028992697528548664,247.5972
1541,0.02901151784502289,251.3903
1542,0.029030338161497117,256.11435
1543,0.029049158477971345,260.6334
1544,0.029067978794445573,263.6362
1545,0.029086799110919805,264.88138
1546,0.029105619427394033,262.1644
1547,0.02912443974386826,257.90073
1548,0.02914326006034249,252.86879
1549,0.029162080376816717,248.44681
1550,0.02918090069329094,244.99174
1551,0.029199721009765173,242.9647
1552,0.0292185413262394,242.39449
1553,0.02923736164271363,242.84218
1554,0.029256181959187857,243.75179
1555,0.029275002275662085,244.68225
1556,0.029293822592136316,245.42186
1557,0.029312642908610544,245.92664
1558,0.029331463225084772,246.01059
1559,0.029350283541558997,246.1658
1560,0.029369103858033225,246.70518
1561,0.029387924174507453,247.26018
1562,0.029406744490981684,247.76837
1563,0.029425564807455912,247.67757
1564,0.02944438512393014,247.54517
1565,0.02946320544040437,248.77246
1566,0.029482025756878597,251.72334
1567,0.029500846073352828,256.34778
1568,0.029519666389827053,261.55612
1569,0.02953848670630128,266.12195
1570,0.02955730702277551,269.34082
1571,0.029576127339249737,271.25504
1572,0.029594947655723968,271.30444
1573,0.029613767972198196,269.20987
1574,0.029632588288672424,265.40787
1575,0.029651408605146652,261.17917
1576,0.02967022892162088,257.63806
1577,0.029689049238095105,255.80583
1578,0.029707869554569336,256.01227
1579,0.029726689871043564,257.9228
1580,0.029745510187517792,259.96115
1581,0.02976433050399202,261.20804
1582,0.02978315082046625,260.38483
1583,0.02980197113694048,257.5158
1584,0.029820791453414708,253.85616
1585,0.029839611769888936,250.49068
1586,0.02985843208636316,247.66374
1587,0.02987725240283739,245.29478
1588,0.029896072719311616,243.30444
1589,0.029914893035785848,241.31612
1590,0.029933713352260076,239.55037
1591,0.029952533668734304,238.39784
1592,0.029971353985208532,238.14554
1593,0.02999017430168276,238.83978
1594,0.03000899461815699,240.24086
1595,0.030027814934631216,241.8985
1596,0.030046635251105444,243.88184
1597,0.030065455567579672,246.69986
1598,0.0300842758840539,251.11722
1599,0.03010309620052813,257.92532
1600,0.03012191651700236,266.9563
1601,0.030140736833476588,276.5609
1602,0.030159557149950816,284.84973
1603,0.030178377466425044,290.37482
1604,0.030197197782899268,290.71265
1605,0.0302160180993735,287.2792
1606,0.030234838415847728,280.79462
1607,0.030253658732321956,273.49356
1608,0.030272479048796184,266.38986
1609,0.030291299365270412,260.26804
1610,0.030310119681744643,255.44041
1611,0.03032893999821887,252.19202
1612,0.0303477603146931,250.3789
1613,0.030366580631167324,249.41783
1614,0.030385400947641552,248.86613
1615,0.03040422126411578,248.75356
1616,0.03042304158059001,248.94635
1617,0.03044186189706424,249.06035
1618,0.030460682213538467,249.723
1619,0.030479502530012696,251.57596
1620,0.030498322846486924,252.72478
1621,0.030517143162961155,252.20483
1622,0.03053596347943538,250.25809
1623,0.030554783795909608,246.77089
1624,0.030573604112383836,243.34233
1625,0.030592424428858064,240.6878
1626,0.030611244745332295,238.79626
1627,0.030630065061806523,237.63103
1628,0.03064888537828075,237.23386
1629,0.03066770569475498,237.33774
1630,0.030686526011229207,238.21278
1631,0.030705346327703432,240.36751
1632,0.030724166644177663,244.03874
1633,0.03074298696065189,249.64093
1634,0.03076180727712612,257.11426
1635,0.030780627593600347,266.65875
1636,0.030799447910074575,278.23117
1637,0.030818268226548807,290.94254
1638,0.030837088543023035,301.90878
1639,0.030855908859497263,307.70575
1640,0.030874729175971487,308.05533
1641,0.030893549492445715,303.5747
1642,0.030912369808919943,296.79166
1643,0.030931190125394175,288.93457
1644,0.030950010441868403,280.2489
1645,0.03096883075834263,272.89297
1646,0.03098765107481686,268.10495
1647,0.031006471391291087,266.14307
1648,0.03102529170776532,266.5982
1649,0.031044112024239543,268.4997
1650,0.03106293234071377,270.09378
1651,0.031081752657188,270.18805
1652,0.031100572973662227,268.52496
1653,0.03111939329013646,265.89703
1654,0.031138213606610687,262.9575
1655,0.031157033923084915,260.00427
1656,0.031175854239559143,257.3117
1657,0.03119467455603337,255.08713
1658,0.031213494872507595,253.38899
1659,0.031232315188981827,252.01694
1660,0.03125113550545605,251.03477
1661,0.03126995582193028,250.06656
1662,0.031288776138404514,249.00604
1663,0.03130759645487874,247.62173
1664,0.03132641677135297,246.0623
1665,0.031345237087827195,244.2054
1666,0.031364057404301426,242.3699
1667,0.03138287772077565,240.76677
1668,0.03140169803724988,239.8107
1669,0.03142051835372411,239.4689
1670,0.03143933867019834,239.70161
1671,0.03145815898667256,240.07758
1672,0.031476979303146795,240.6695
1673,0.031495799619621026,241.61302
1674,0.03151461993609525,242.61523
1675,0.03153344025256948,244.09337
1676,0.03155226056904371,245.91403
1677,0.03157108088551793,247.60358
1678,0.03158990120199216,249.34114
1679,0.031608721518466394,250.67241
1680,0.03162754183494062,251.48466
1681,0.03164636215141485,252.25917
1682,0.031665182467889075,253.19801
1683,0.031684002784363306,254.44685
1684,0.03170282310083754,255.71643
1685,0.03172164341731176,256.90338
1686,0.03174046373378599,258.0929
1687,0.03175928405026022,259.0957
1688,0.03177810436673445,259.59784
1689,0.031796924683208674,259.73184
1690,0.031815744999682906,259.09274
1691,0.03183456531615713,257.91
1692,0.03185338563263136,256.8177
1693,0.03187220594910559,256.52515
1694,0.03189102626557982,258.2044
1695,0.03190984658205404,261.71997
1696,0.031928666898528274,267.04718
1697,0.0319474872150025,273.77606
1698,0.03196630753147673,281.2856
1699,0.03198512784795096,287.59174
1700,0.032003948164425186,289.19705
1701,0.03202276848089942,285.7348
1702,0.03204158879737364,278.16995
1703,0.03206040911384787,270.299
1704,0.0320792294303221,263.46167
1705,0.03209804974679633,257.80954
1706,0.032116870063270554,253.61101
1707,0.032135690379744786,251.61026
1708,0.03215451069621901,251.65721
1709,0.03217333101269324,253.16684
1710,0.03219215132916747,255.40703
1711,0.0322109716456417,257.37918
1712,0.03222979196211592,258.21512
1713,0.032248612278590154,258.47504
1714,0.03226743259506438,258.71655
1715,0.03228625291153861,259.41257
1716,0.03230507322801284,261.335
1717,0.032323893544487066,264.78424
1718,0.0323427138609613,269.32962
1719,0.03236153417743552,273.9446
1720,0.03238035449390975,277.13806
1721,0.03239917481038398,277.91644
1722,0.03241799512685821,275.97806
1723,0.032436815443332434,271.93668
1724,0.032455635759806666,266.6358
1725,0.03247445607628089,260.9716
1726,0.03249327639275512,255.76077
1727,0.03251209670922935,251.43233
1728,0.03253091702570358,248.1813
1729,0.03254973734217781,245.69955
1730,0.032568557658652034,243.77565
1731,0.03258737797512626,242.09956
1732,0.03260619829160049,240.30223
1733,0.03262501860807472,238.63437
1734,0.032643838924548946,237.14809
1735,0.03266265924102318,236.07779
1736,0.0326814795574974,235.53345
1737,0.03270029987397163,235.51456
1738,0.032719120190445865,236.34882
1739,0.03273794050692009,237.55643
1740,0.032756760823394314,239.24458
1741,0.032775581139868545,240.89154
1742,0.03279440145634277,242.29768
1743,0.032813221772817,243.29773
1744,0.03283204208929123,244.31082
1745,0.03285086240576546,246.16792
1746,0.03286968272223969,249.32655
1747,0.03288850303871392,250.3244
1748,0.032907323355188145,247.89745
1749,0.03292614367166237,243.27664
1750,0.0329449639881366,239.45018
1751,0.032963784304610826,238.53114
1752,0.03298260462108506,240.65352
1753,0.03300142493755929,244.09598
1754,0.03302024525403351,245.67581
1755,0.033039065570507745,243.40446
1756,0.03305788588698197,238.33476
1757,0.033076706203456194,234.48074
1758,0.033095526519930425,232.8052
1759,0.03311434683640466,231.91277
1760,0.03313316715287888,231.2175
1761,0.03315198746935311,230.62634
1762,0.03317080778582734,230.02284
1763,0.03318962810230157,229.65427
1764,0.0332084484187758,229.66246
1765,0.033227268735250025,229.6786
1766,0.03324608905172425,229.81416
1767,0.03326490936819848,229.90707
1768,0.033283729684672705,229.80478
1769,0.03330255000114694,229.45737
1770,0.03332137031762117,229.27176
1771,0.03334019063409539,229.2248
1772,0.033359010950569624,229.15112
1773,0.03337783126704385,229.33109
1774,0.03339665158351808,229.73192
1775,0.033415471899992305,230.11247
1776,0.03343429221646654,230.45747
1777,0.03345311253294076,231.23148
1778,0.03347193284941499,232.35997
1779,0.03349075316588922,233.85666
1780,0.03350957348236345,235.38075
1781,0.03352839379883768,236.89384
1782,0.033547214115311905,238.52644
1783,0.033566034431786136,240.55524
1784,0.03358485474826036,242.83708
1785,0.033603675064734585,244.9749
1786,0.03362249538120882,247.02037
1787,0.03364131569768305,248.5531
1788,0.03366013601415727,249.42776
1789,0.033678956330631504,249.5149
1790,0.03369777664710573,248.70435
1791,0.03371659696357996,246.74907
1792,0.033735417280054185,243.95993
1793,0.033754237596528416,241.08861
1794,0.03377305791300264,238.29887
1795,0.03379187822947687,235.51662
1796,0.0338106985459511,232.87828
1797,0.03382951886242533,230.32559
1798,0.03384833917889956,227.75491
1799,0.033867159495373785,225.26472
1800,0.033885979811848016,222.88182
1801,0.03390480012832224,220.88258
1802,0.03392362044479647,219.74171
1803,0.0339424407612707,219.11852
1804,0.03396126107774493,218.83736
1805,0.03398008139421915,218.79337
1806,0.033998901710693384,218.72304
1807,0.034017722027167616,218.73048
1808,0.03403654234364184,219.20377
1809,0.03405536266011607,220.27992
1810,0.034074182976590296,221.66527
1811,0.03409300329306452,222.84267
1812,0.03411182360953875,223.91301
1813,0.034130643926012984,224.79675
1814,0.03414946424248721,225.69669
1815,0.03416828455896144,226.45375
1816,0.034187104875435664,226.68103
1817,0.034205925191909896,226.0615
1818,0.03422474550838413,225.19098
1819,0.03424356582485835,224.44778
1820,0.034262386141332576,223.65492
1821,0.03428120645780681,223.20218
1822,0.03430002677428103,222.82481
1823,0.034318847090755264,222.40239
1824,0.034337667407229495,221.8611
1825,0.03435648772370372,221.77473
1826,0.03437530804017795,222.16881
1827,0.034394128356652176,223.1478
1828,0.0344129486731264,224.22868
1829,0.03443176898960063,224.7469
1830,0.034450589306074864,224.77844
1831,0.03446940962254909,224.43153
1832,0.03448822993902332,224.01498
1833,0.034507050255497544,223.84352
1834,0.034525870571971776,223.59372
1835,0.03454469088844601,223.41861
1836,0.03456351120492023,223.38315
1837,0.034582331521394456,223.19833
1838,0.03460115183786869,223.11818
1839,0.03461997215434291,223.92018
1840,0.034638792470817144,225.06403
1841,0.034657612787291375,226.04828
1842,0.0346764331037656,226.69487
1843,0.03469525342023983,226.78339
1844,0.034714073736714056,226.85658
1845,0.03473289405318829,227.16487
1846,0.03475171436966251,227.11507
1847,0.03477053468613674,225.93529
1848,0.03478935500261097,224.01239
1849,0.0348081753190852,222.27498
1850,0.034826995635559424,220.66924
1851,0.034845815952033656,219.32283
1852,0.03486463626850789,218.22974
1853,0.03488345658498211,217.54228
1854,0.03490227690145634,216.9893
1855,0.03492109721793057,216.54337
1856,0.0349399175344048,215.5258
1857,0.034958737850879024,214.33961
1858,0.034977558167353255,213.56938
1859,0.03499637848382748,213.49754
1860,0.03501519880030171,213.45628
1861,0.03503401911677594,212.8571
1862,0.03505283943325017,212.20372
1863,0.0350716597497244,211.82077
1864,0.03509048006619862,211.68152
1865,0.03510930038267285,212.03058
1866,0.03512812069914708,212.69997
1867,0.03514694101562131,214.08699
1868,0.035165761332095535,216.56345
1869,0.03518458164856977,219.81703
1870,0.03520340196504399,224.54626
1871,0.03522222228151822,231.2011
1872,0.035241042597992454,235.09123
1873,0.03525986291446668,233.72865
1874,0.035278683230940903,228.16977
1875,0.035297503547415135,221.71912
1876,0.03531632386388936,217.47441
1877,0.03533514418036359,215.63371
1878,0.03535396449683782,214.80463
1879,0.03537278481331205,214.73634
1880,0.03539160512978628,215.63428
1881,0.0354104254462605,217.33664
1882,0.03542924576273473,219.56139
1883,0.03544806607920896,221.69092
1884,0.03546688639568319,224.16396
1885,0.035485706712157415,226.50551
1886,0.03550452702863165,228.68277
1887,0.03552334734510587,230.09952
1888,0.0355421676615801,230.03668
1889,0.035560987978054334,229.09367
1890,0.03557980829452856,228.12685
1891,0.03559862861100278,227.20816
1892,0.035617448927477015,225.70757
1893,0.03563626924395124,223.31927
1894,0.03565508956042547,220.5742
1895,0.0356739098768997,217.70227
1896,0.03569273019337393,215.62683
1897,0.03571155050984816,213.7004
1898,0.03573037082632238,212.32787
1899,0.035749191142796614,211.69235
1900,0.03576801145927084,211.59785
1901,0.03578683177574507,211.6197
1902,0.035805652092219295,211.21646
1903,0.035824472408693527,210.36115
1904,0.03584329272516775,209.29799
1905,0.03586211304164198,208.22383
1906,0.035880933358116214,207.89201
1907,0.03589975367459044,208.00238
1908,0.03591857399106467,207.94655
1909,0.035937394307538895,207.05617
1910,0.035956214624013126,205.9603
1911,0.03597503494048735,204.70332
1912,0.03599385525696158,203.7605
1913,0.03601267557343581,203.54015
1914,0.03603149588991004,204.20421
1915,0.03605031620638427,204.74915
1916,0.036069136522858494,205.23006
1917,0.036087956839332726,205.60773
1918,0.03610677715580695,206.31116
1919,0.036125597472281175,207.22884
1920,0.036144417788755406,207.8305
1921,0.03616323810522964,209.09293
1922,0.03618205842170386,211.0252
1923,0.036200878738178094,212.7039
1924,0.03621969905465232,212.59749
1925,0.03623851937112655,214.20888
1926,0.03625733968760078,215.26018
1927,0.036276160004075006,215.78653
1928,0.03629498032054923,215.82733
1929,0.03631380063702346,216.26741
1930,0.03633262095349769,216.90977
1931,0.03635144126997192,217.16068
1932,0.03637026158644615,216.5584
1933,0.036389081902920374,216.49586
1934,0.0364079022193946,214.98221
1935,0.03642672253586882,214.05441
1936,0.036445542852343055,213.96428
1937,0.03646436316881728,213.47212
1938,0.03648318348529151,211.97177
1939,0.03650200380176574,209.7348
1940,0.03652082411823997,208.16776
1941,0.0365396444347142,207.37065
1942,0.03655846475118842,206.64458
1943,0.036577285067662654,205.67218
1944,0.036596105384136886,204.86589
1945,0.03661492570061111,204.20403
1946,0.03663374601708534,204.04341
1947,0.036652566333559566,204.9504
1948,0.0366713866500338,205.9733
1949,0.03669020696650803,206.01802
1950,0.03670902728298225,205.45583
1951,0.03672784759945648,205.11449
1952,0.0367466679159307,205.39194
1953,0.036765488232404935,206.70157
1954,0.036784308548879166,207.85544
1955,0.03680312886535339,208.46767
1956,0.03682194918182762,208.61577
1957,0.03684076949830185,208.42352
1958,0.03685958981477608,207.38496
1959,0.03687841013125031,207.13956
1960,0.036897230447724534,207.4851
1961,0.036916050764198766,207.73868
1962,0.03693487108067299,207.64606
1963,0.03695369139714722,208.59483
1964,0.03697251171362145,210.47835
1965,0.03699133203009568,212.50795
1966,0.03701015234656991,213.07288
1967,0.037028972663044134,212.25443
1968,0.03704779297951836,211.74854
1969,0.03706661329599258,211.7714
1970,0.037085433612466814,213.16904
1971,0.037104253928941046,215.89883
1972,0.03712307424541527,218.16454
1973,0.0371418945618895,219.59108
1974,0.037160714878363726,220.48598
1975,0.03717953519483796,221.25998
1976,0.03719835551131219,221.47641
1977,0.037217175827786414,221.23201
1978,0.037235996144260645,221.67441
1979,0.03725481646073487,222.26938
1980,0.0372736367772091,222.71767
1981,0.03729245709368333,224.26793
1982,0.03731127741015756,224.69333
1983,0.03733009772663179,223.18684
1984,0.037348918043106014,223.8512
1985,0.037367738359580245,225.31564
1986,0.03738655867605446,226.93774
1987,0.037405378992528694,228.92941
1988,0.037424199309002926,231.60378
1989,0.03744301962547715,233.43036
1990,0.03746183994195138,235.58688
1991,0.037480660258425606,229.51292
1992,0.03749948057489984,227.78624
1993,0.03751830089137407,247.7639
1994,0.037537121207848294,253.80298
1995,0.037555941524322525,255.10019
1996,0.03757476184079675,254.62161
1997,0.03759358215727098,252.61131
1998,0.03761240247374521,183.71103
1999,0.03763122279021944,0.0
